ticker,last_close,adv_rs_cr
AADHARHFC,496.45,16.31
AARTIDRUGS,373.2,5.04
AARTIIND,440.85,41.92
AARTIPHARM,697.75,13.39
AAVAS,1347.9,25.63
ABB,7029.5,249.71
ABBOTINDIA,25785.0,25.8
ABCAPITAL,340.4,145.69
ABDL,573.8,33.07
ABFRL,64.11,47.53
ABREL,1420.4,56.91
ABSLAMC,1068.25,35.29
ACC,1432.2,38.79
ACCELYA,1199.7,1.86
ACE,917.05,27.44
ACI,606.65,10.25
ACUTAAS,2361.7,154.19
ADANIENSOL,1259.8,303.93
ADANIENT,2218.3,523.46
ADANIGREEN,1127.3,486.77
ADANIPORTS,1573.4,518.23
ADANIPOWER,198.5,845.4
ADFFOODS,226.94,6.19
ADOR,1002.35,3.34
ADSL,122.17,2.76
ADVENZYMES,307.4,4.27
AEGISLOG,709.3,108.06
AEROFLEX,311.23,65.19
AETHER,1179.8,57.39
AFFLE,1468.2,54.82
AGARIND,468.4,4.57
AGI,584.95,13.7
AHLUCONT,834.05,8.1
AIAENG,3961.5,38.33
AIIL,460.05,32.77
AJANTPHARM,2790.2,29.09
AJMERA,124.46,6.52
AKUMS,545.75,10.03
AKZOINDIA,2980.7,10.87
ALANKIT,9.49,0.34
ALEMBICLTD,91.45,2.69
ALKEM,5582.0,67.21
ALKYLAMINE,1437.5,30.62
ALLCARGO,9.56,7.26
ALLDIGI,854.55,0.85
ALOKINDS,14.29,11.26
AMBIKCO,1439.9,1.24
AMBUJACEM,459.0,153.77
AMRUTANJAN,547.3,1.57
ANANDRATHI,3689.8,111.98
ANANTRAJ,513.4,107.17
ANDHRAPAP,67.64,2.36
ANDHRSUGAR,86.9,3.82
ANGELONE,322.47,409.59
ANTELOPUS,615.8,18.75
ANUP,2022.3,10.18
ANURAS,1288.0,22.65
APARINDS,11482.0,136.86
APEX,466.85,46.85
APLAPOLLO,2105.7,132.83
APLLTD,784.75,8.95
APOLLO,282.9,271.75
APOLLOHOSP,7699.0,336.88
APOLLOPIPE,466.8,44.44
APOLLOTYRE,445.4,36.65
APTECHT,92.22,2.11
APTUS,246.37,72.07
ARE&M,778.55,42.67
ARIHANTCAP,72.28,2.52
ARIHANTSUP,258.27,1.63
ARKADE,117.05,7.8
ARMANFIN,1550.4,6.33
ARVIND,386.75,13.34
ARVINDFASN,472.65,10.42
ASAHIINDIA,851.25,67.17
ASAL,473.2,0.86
ASALCBR,904.75,5.16
ASHAPURMIN,617.3,47.25
ASHIANA,336.45,5.95
ASHOKA,138.82,23.2
ASHOKLEY,174.78,527.83
ASIANENE,304.99,4.99
ASIANPAINT,2464.0,344.94
ASKAUTOLTD,436.8,11.63
ATGL,632.9,416.2
ATL,26.15,0.8
ATUL,6600.0,17.1
ATULAUTO,466.8,39.69
AUBANK,990.6,253.59
AURIONPRO,922.6,15.81
AUROPHARMA,1386.0,225.9
AUTOAXLES,1881.9,2.28
AVADHSUGAR,478.5,7.47
AVALON,1119.3,20.78
AVANTEL,160.3,36.54
AVANTIFEED,1473.3,157.08
AVTNPL,67.03,0.41
AWFIS,362.36,21.96
AWHCL,516.4,41.36
AWL,185.01,95.46
AXISBANK,1359.1,1031.59
AZAD,1904.3,54.79
BAJAJ-AUTO,9773.5,362.6
BAJAJCON,469.95,81.66
BAJAJELEC,391.4,15.39
BAJAJFINSV,1838.9,299.61
BAJAJHFL,91.8,82.65
BAJAJHIND,18.78,22.72
BAJAJHLDNG,10355.5,57.28
BAJFINANCE,908.25,1051.32
BALAMINES,1139.3,12.85
BALKRISIND,2329.8,42.13
BALMLAWRIE,176.25,3.28
BALRAMCHIN,486.0,40.17
BANARISUG,3613.4,0.15
BANCOINDIA,624.95,13.29
BANDHANBNK,174.47,162.35
BANKBARODA,280.44,313.01
BANKINDIA,148.1,164.76
BANSALWIRE,305.9,3.89
BASF,3702.5,10.35
BATAINDIA,757.35,18.95
BAYERCROP,4898.2,14.36
BBL,2753.2,9.61
BBTC,1526.4,12.05
BCLIND,33.46,2.78
BDL,1380.7,214.3
BHAGCHEM,221.57,4.71
BHARATFORG,1860.5,246.72
BHARATRAS,1556.6,3.71
BHARATWIRE,221.96,17.71
BHARTIARTL,1846.9,1886.19
BHARTIHEXA,1538.2,34.13
BHEL,316.79,417.67
BIGBLOC,51.86,0.66
BIKAJI,660.05,8.52
BIOCON,358.1,154.91
BIRLACORPN,976.15,12.68
BLAL,194.02,0.83
BLISSGVS,258.22,47.78
BLKASHYAP,54.5,3.04
BLS,296.85,282.82
BLUEDART,5391.0,8.89
BLUEJET,422.65,24.62
BODALCHEM,67.75,4.72
BOMDYEING,113.04,10.57
BOROLTD,262.82,2.4
BOROSCI,118.66,1.27
BOSCH-HCIL,1347.0,3.18
BOSCHLTD,37505.0,26.77
BPCL,312.1,484.91
BPL,54.44,0.54
BRIGADE,762.25,123.84
BRITANNIA,5735.5,219.93
BSE,3531.5,1608.96
BSOFT,390.7,44.18
CAMPUS,247.82,6.74
CAMS,750.15,95.32
CANBK,142.37,333.33
CANFINHOME,868.7,14.07
CANTABIL,247.21,5.44
CAPACITE,262.51,36.7
CAPITALSFB,260.46,1.69
CAPLIPOINT,1770.9,16.51
CARERATING,1614.8,7.98
CARTRADE,1858.0,59.27
CCL,1089.4,35.65
CDSL,1393.2,298.14
CEATLTD,3716.1,31.6
CEIGALL,306.95,8.11
CELLO,431.55,22.89
CEMPRO,648.25,23.56
CENTRALBK,36.06,23.3
CENTURYPLY,762.15,5.9
CERA,5325.1,11.69
CESC,171.49,31.08
CGCL,182.13,22.92
CGPOWER,774.8,200.04
CHALET,779.95,10.65
CHAMBLFERT,454.45,35.29
CHEMCON,163.21,0.88
CHENNPETRO,1041.85,312.38
CHOICEIN,724.8,53.32
CHOLAFIN,1579.0,357.99
CHOLAHLDNG,1641.1,81.86
CIEINDIA,490.2,16.71
CIGNITITEC,1296.3,9.07
CIPLA,1240.8,233.39
CLEAN,757.4,17.66
CLSEL,285.36,3.95
CMSINFO,318.0,20.29
COALINDIA,438.75,637.84
COFORGE,1316.8,429.12
COHANCE,390.55,155.25
COLPAL,2106.0,95.93
CONCOR,503.1,82.07
CONCORDBIO,1081.7,31.3
CONFIPET,52.68,42.5
CONTROLPR,672.85,2.23
COROMANDEL,2050.2,84.81
CREDITACC,1264.8,54.06
CRISIL,4335.4,40.68
CROMPTON,261.45,71.96
CSBBANK,399.85,24.66
CUB,257.82,74.85
CUMMINSIND,5140.9,461.1
CYIENT,962.3,41.22
CYIENTDLM,341.25,95.76
DABUR,442.85,102.89
DALBHARAT,1971.7,45.56
DALMIASUG,394.15,103.9
DATAMATICS,747.8,7.38
DATAPATTNS,3494.2,284.15
DBCORP,214.67,2.6
DBL,457.0,9.43
DBOL,118.52,6.29
DBREALTY,107.09,26.99
DCBBANK,189.83,27.15
DCMSHRIRAM,1226.1,8.47
DCMSRIND,40.4,0.8
DCW,46.24,8.82
DCXINDIA,194.91,110.2
DEEPAKFERT,1230.35,108.68
DEEPAKNTR,1538.1,32.88
DEEPINDS,477.35,49.18
DELTACORP,60.64,10.61
DEN,29.24,2.13
DENORA,823.6,0.69
DEVYANI,107.7,42.96
DHAMPURSUG,142.47,11.62
DHANUKA,1009.65,5.19
DIAMINESQ,262.29,0.48
DIAMONDYD,974.0,6.43
DIXON,11371.5,754.2
DLF,601.75,321.57
DLINKINDIA,446.2,5.09
DMART,4628.5,402.96
DODLA,1091.55,6.23
DOLATALGO,81.19,1.86
DOLLAR,276.89,3.84
DOMS,2391.5,18.42
DPABHUSHAN,1074.05,2.13
DREDGECORP,975.35,17.29
DSSL,1057.15,4.67
DVL,248.93,0.58
DWARKESH,47.4,14.12
DYNAMATECH,10327.5,19.01
EASEMYTRIP,7.82,21.44
ECLERX,1631.1,43.44
EDELWEISS,119.06,47.96
EICHERMOT,7189.5,503.42
EIHAHOTELS,327.6,1.51
EIHOTEL,321.9,62.92
EIMCOELECO,1657.9,5.31
EKC,119.49,3.8
ELECON,412.75,27.64
ELGIEQUIP,549.15,26.52
ELIN,119.87,2.33
EMAMILTD,452.1,30.72
EMBDL-BE,58.93,8.05
EMCURE,1672.1,41.18
EMIL,105.16,5.56
EMSLIMITED,345.65,10.93
EMUDHRA,500.25,11.47
ENDURANCE,2384.4,21.19
ENGINERSIN,241.8,105.68
ENTERO,1278.1,11.91
EPIGRAL,1201.05,9.84
EPL,233.55,31.52
EQUITASBNK,65.6,19.47
ERIS,1445.5,12.04
ESABINDIA,5717.8,2.1
ESAFSFB,24.03,1.8
ESCORTS,3295.0,51.42
ETERNAL,252.61,1274.61
ETHOSLTD,2397.5,5.47
EUREKAFORB,481.6,9.58
EVEREADY,301.95,3.76
EXICOM,111.36,9.71
EXIDEIND,330.0,62.91
EXPLEOSOL,833.2,2.72
FACT,902.75,76.42
FCL,23.21,6.13
FDC,358.45,4.19
FEDERALBNK,293.75,257.77
FEDFINA,146.79,10.69
FIEMIND,2259.1,11.07
FILATEX,44.96,3.06
FINCABLES,940.55,39.69
FINEORG,4907.5,8.1
FINOPB,142.25,22.37
FINPIPE,174.59,14.46
FLAIR,334.0,3.31
FLUOROCHEM,3354.8,29.59
FMGOETZE,443.75,3.66
FORCEMOT,22378.0,86.64
FORTIS,890.2,140.44
FOSECOIND,4691.3,1.68
FSL,239.28,121.92
FUSION,171.38,6.35
GABRIEL,1014.35,30.52
GAEL,148.22,12.13
GAIL,157.82,222.72
GALAPREC,788.4,1.48
GALAXYSURF,1788.0,3.22
GANDHAR,147.55,2.85
GANECOS,1053.65,221.69
GANESHHOU,640.4,5.41
GARFIBRES,646.35,4.16
GARUDA,177.77,14.18
GATEWAY,59.31,6.84
GENESYS,263.39,14.98
GENUSPOWER,293.17,19.1
GEOJITFSL,67.68,3.53
GESHIP,1424.3,81.25
GHCL,513.85,8.23
GHCLTEXTIL,88.98,2.33
GICHSGFIN,153.4,1.8
GICRE,400.4,27.72
GILLETTE,7939.5,23.46
GIPCL,154.44,5.13
GLAND,1797.4,15.75
GLAXO,2453.9,13.26
GLENMARK,2249.5,139.67
GLOBUSSPR,1014.3,8.36
GMBREW,986.95,22.09
GMDCLTD,736.9,558.66
GMMPFAUDLR,929.9,6.42
GMRAIRPORT,96.85,150.5
GMRP&UI,109.98,15.2
GNA,435.9,3.96
GNFC,489.7,15.98
GOACARBON,370.05,1.11
GOCLCORP,324.1,24.84
GOCOLORS,289.55,8.15
GODFRYPHLP,2207.7,279.15
GODIGIT,319.25,11.29
GODREJAGRO,615.75,9.0
GODREJCP,1109.4,172.54
GODREJIND,927.5,35.74
GODREJPROP,1758.8,184.95
GOKEX,726.55,40.56
GOKULAGRO,205.84,94.9
GOODLUCK,1229.05,10.68
GOPAL,283.65,2.7
GPIL,305.55,94.66
GPPL,160.92,20.23
GPTHEALTH,137.43,2.34
GPTINFRA,116.13,2.22
GRANULES,655.7,65.07
GRAPHITE,679.2,123.67
GRASIM,2720.5,296.09
GRAVITA,1640.8,55.91
GREAVESCOT,161.36,17.48
GREENLAM,223.8,3.01
GREENPANEL,214.58,3.26
GREENPLY,234.48,4.55
GRINDWELL,1575.9,7.76
GRINFRA,903.55,26.85
GRMOVER,161.69,27.62
GRSE,2712.0,475.68
GRWRHITECH,3985.6,21.73
GSFC,174.07,18.63
GSLSU,62.79,0.44
GSPL,272.41,66.81
GTPL,58.03,1.09
GUFICBIO,299.75,1.59
GUJALKALI,722.55,842.22
GUJGASLTD,362.8,73.51
GULFOILLUB,970.9,10.18
GULPOLY,181.12,3.88
GVPIL-BE,499.9,5.22
HAL,4388.1,577.13
HAPPYFORGE,1336.6,7.61
HARIOMPIPE,315.95,7.68
HARSHA,401.6,1.91
HATSUN,981.3,4.4
HAVELLS,1306.4,144.35
HBLENGINE,786.5,112.58
HCG,565.35,12.09
HCLTECH,1442.3,551.57
HDFCAMC,2792.4,398.33
HDFCBANK,799.9,4938.93
HDFCLIFE,616.45,279.29
HEG,633.0,268.47
HEMIPROP,132.33,11.82
HERANBA,210.41,1.78
HERITGFOOD,359.75,9.91
HEROMOTOCO,5230.5,316.66
HFCL,95.49,246.67
HGINFRA,621.05,47.25
HGS,426.4,1.59
HIKAL,191.9,7.23
HILINFRA,57.21,1.07
HIMATSEIDE,91.49,6.69
HINDALCO,1039.0,689.04
HINDCOPPER,569.6,617.49
HINDOILEXP,158.33,36.82
HINDPETRO,370.85,429.36
HINDUNILVR,2240.8,497.12
HINDWAREAP,213.44,4.75
HINDZINC,592.3,338.77
HIRECT,898.65,21.88
HITECH,88.01,8.61
HLEGLAS,331.3,4.48
HNDFDS,508.55,2.81
HONASA,345.3,45.22
HONAUT,32785.0,23.33
HONDAPOWER,2296.5,1.29
HPAL,40.78,0.41
HPL,356.55,10.83
HSCL,493.55,137.94
HUDCO,196.91,79.7
HUHTAMAKI,190.31,2.77
IBULLSLTD,17.58,17.12
ICEMAKE,818.9,2.87
ICICIBANK,1346.8,2637.11
ICICIGI,1891.6,183.63
ICICIPRULI,562.0,99.29
ICIL,275.85,12.18
ICRA,5460.5,4.41
IDBI,75.06,164.46
IDEAFORGE,476.85,52.08
IEX,135.81,78.0
IFBIND,1116.2,6.97
IFCI,61.19,90.8
IGARASHI,349.4,6.23
IGL,169.27,65.26
IGPL,424.75,3.07
IIFL,473.35,65.33
IKIO,144.7,2.03
IMAGICAA,49.61,3.59
INDGN,487.4,16.76
INDHOTEL,659.3,189.7
INDIACEM,415.6,7.6
INDIAGLYCO,974.1,12.13
INDIAMART,2170.9,35.06
INDIANB,939.45,186.19
INDIANHUME,330.85,1.63
INDIASHLTR,803.25,10.84
INDIGO,4638.4,893.21
INDIGOPNTS,838.0,13.63
INDNIPPON,786.0,1.62
INDOAMIN,115.93,1.07
INDOCO,219.55,1.05
INDRAMEDCO,427.1,11.79
INDUSINDBK,853.9,322.96
INFY,1318.7,1763.87
INNOVACAP,742.3,2.91
INOXINDIA,1491.7,40.48
INOXWIND,97.9,150.21
INSECTICID,723.2,3.62
INTELLECT,694.55,34.94
IOB,34.96,23.16
IOC,145.88,327.59
IOLCP,91.13,15.87
IONEXCHANG,400.75,9.2
IPCALAB,1468.3,39.02
IPL,155.58,2.86
IRB,22.26,51.74
IRCON,154.69,90.47
IRCTC,564.9,84.15
IREDA,133.01,127.52
IRFC,104.84,178.34
IRMENERGY,221.0,6.29
ISGEC,1042.05,10.17
ITC,306.8,720.38
ITDC,616.25,197.84
IXIGO,178.86,40.02
J&KBANK,131.25,66.47
JAGRAN,67.11,2.45
JAGSNPHARM,191.94,2.43
JAIBALAJI,72.48,18.07
JAMNAAUTO,128.56,30.38
JASH,393.75,5.51
JAYNECOIND,96.23,54.47
JBCHEPHARM,1998.0,70.1
JBMA,624.2,379.86
JGCHEM,380.6,3.17
JINDALPOLY,711.2,15.86
JINDALSAW,236.28,70.71
JINDRILL,540.25,45.33
JINDWORLD,26.63,4.23
JIOFIN,243.86,469.61
JISLJALEQS,33.01,17.86
JKCEMENT,5543.0,41.87
JKIL,519.25,11.31
JKLAKSHMI,673.7,7.95
JKPAPER,374.75,9.23
JKTYRE,428.4,54.43
JLHL,1281.9,4.37
JPPOWER,19.2,284.94
JSFB,391.45,11.36
JSL,788.2,58.98
JSWENERGY,538.05,206.71
JSWINFRA,274.26,57.15
JTEKTINDIA,132.83,1.24
JTLIND,66.76,47.07
JUBLFOOD,458.95,186.39
JUBLINGREA,665.2,11.49
JUBLPHARMA,910.9,16.82
JUNIPER,214.79,2.53
JWL,286.23,116.43
JYOTHYLAB,238.34,14.58
JYOTICNC,707.3,120.1
KABRAEXTRU,241.41,0.99
KAJARIACER,1178.35,39.71
KALAMANDIR,102.39,9.65
KALYANKJIL,426.85,232.32
KAMATHOTEL,171.78,1.21
KAMDHENU,22.98,2.81
KANSAINER,203.09,8.78
KARURVYSYA,277.55,120.69
KAYNES,4214.4,576.99
KCP,164.94,6.51
KDDL,2422.1,3.82
KEC,580.05,74.09
KECL,138.83,10.77
KEI,4839.3,191.49
KELLTONTEC,15.77,6.72
KFINTECH,976.0,102.23
KHAICHEM,61.93,2.73
KICL,4781.0,0.87
KIMS,682.15,23.57
KINGFA,4735.6,2.05
KIOCL,411.65,45.72
KIRIINDUS,418.65,17.25
KIRLOSBROS,1764.3,18.84
KIRLOSENG,1618.4,55.59
KIRLOSIND,3180.3,2.41
KIRLPNU,1263.4,9.4
KKCL,480.25,1.92
KNRCON,123.92,112.86
KOLTEPATIL,365.15,12.38
KOTAKBANK,383.6,804.77
KOTHARIPET,135.24,0.67
KPIL,1231.7,25.88
KPITTECH,747.8,136.21
KPRMILL,927.7,30.32
KRBL,351.05,20.53
KRN,1269.9,120.27
KRONOX,132.67,1.06
KROSS,194.33,8.04
KRSNAA,622.75,3.64
KSB,968.2,37.77
KSCL,923.35,19.68
KSL,746.6,4.23
KSOLVES,349.27,2.17
KTKBANK,246.23,91.69
KUANTUM,84.85,1.12
LALPATHLAB,1402.1,42.92
LANDMARK,425.95,3.36
LAOPALA,180.4,2.49
LATENTVIEW,310.95,169.84
LAURUSLABS,1135.75,189.61
LEMONTREE,114.55,45.08
LGBBROSLTD,1756.8,5.87
LICHSGFIN,540.0,100.05
LICI,842.2,161.27
LIKHITHA,237.43,7.81
LINCOLN,587.25,2.37
LINDEINDIA,7239.5,48.11
LLOYDSENGG,55.86,37.3
LLOYDSENT,63.44,36.09
LMW,14349.0,9.77
LODHA,872.55,377.88
LT,4096.1,1666.3
LTF,287.14,164.38
LTFOODS,422.0,22.38
LTIM,4404.4,191.67
LTTS,3490.1,50.16
LUMAXIND,5573.4,8.91
LUMAXTECH,1794.9,50.23
LUPIN,2326.1,264.96
LUXIND,1485.75,72.68
LXCHEM,142.1,12.62
LYKALABS,58.23,0.66
M&M,3200.2,1037.91
MADRASFERT,70.85,1.18
MAHABANK,72.73,125.97
MAHLIFE,325.15,9.19
MAHLOG,431.6,7.98
MAHSCOOTER,13116.0,8.19
MAHSEAMLES,642.9,14.47
MAITHANALL,1036.15,4.51
MANALIPETC,55.17,2.75
MANAPPURAM,268.9,130.03
MANBA,111.93,0.99
MANGLMCEM,918.1,7.04
MANINDS,537.1,42.56
MANINFRA,96.78,9.82
MANKIND,2125.0,121.04
MANORAMA,1417.7,14.66
MANYAVAR,442.55,24.79
MAPMYINDIA,955.85,19.85
MARATHON,489.1,5.04
MARICO,757.3,154.8
MARKSANS,179.23,12.25
MARUTI,13453.0,-7.11
MASFIN,317.15,3.4
MAXHEALTH,1007.65,294.14
MAXIND,154.67,0.82
MAYURUNIQ,574.1,3.73
MAZDOCK,2616.4,530.46
MBAPL,509.55,19.39
MCX,2856.1,1109.49
MEDANTA,1089.4,25.54
MEDPLUS,877.8,13.12
METROBRAND,1069.25,5.07
METROPOLIS,471.7,16.82
MGL,1125.75,49.76
MHRIL,272.86,5.5
MIDHANI,369.6,27.15
MINDACORP,532.8,20.47
MMTC,68.32,95.75
MOIL,327.95,88.76
MOL,53.58,4.59
MOLDTECH,140.81,0.65
MOLDTKPAC,554.6,4.54
MONARCH,300.55,4.51
MONTECARLO,563.35,1.28
MOREPENLAB,41.9,14.01
MOTHERSON,125.03,287.15
MOTILALOFS,815.45,86.73
MPHASIS,2462.2,160.14
MPSLTD,1813.5,4.1
MRF,139855.0,92.64
MRPL,183.13,304.19
MSUMI,39.52,41.7
MTARTECH,4857.8,265.97
MTNL,33.34,7.7
MUFIN,113.43,12.69
MUFTI,78.93,1.61
MUKANDLTD,136.24,1.69
MUKKA,24.19,0.7
MUNJALAU,81.7,0.84
MUTHOOTFIN,3571.3,390.94
MVGJL,179.61,1.38
NAHARSPING,249.49,0.86
NAM-INDIA,1015.05,103.72
NATCOPHARM,1119.7,92.79
NATIONALUM,438.75,593.56
NAUKRI,1054.55,229.76
NAVA,703.1,108.07
NAVINFLUOR,6284.0,89.43
NAVKARCORP,111.87,5.74
NAVNETEDUL,158.76,3.05
NAZARA,273.34,74.24
NBCC,94.32,105.97
NCC,161.26,47.33
NCLIND,179.33,2.11
NDRAUTO,754.5,1.6
NELCO,685.35,8.34
NEOGEN,1511.6,10.23
NESCO,1208.4,6.45
NETWEB,3809.0,386.67
NEULANDLAB,15295.0,58.4
NEWGEN,483.5,59.61
NFL,77.41,16.51
NH,1826.1,51.62
NHPC,83.56,143.58
NIACL,167.34,120.69
NIITLTD,72.02,6.34
NIITMTS,327.85,4.18
NILKAMAL,1315.5,0.97
NITINSPIN,421.45,5.6
NLCINDIA,300.65,128.72
NMDC,89.78,224.29
NOCIL,172.31,177.71
NORTHARC,242.13,10.12
NSIL,5845.9,2.6
NSLNISP,42.58,27.84
NTPC,393.6,525.69
NUCLEUS,813.8,3.07
NUVAMA,1400.7,54.02
NUVOCO,311.4,12.08
NYKAA,269.66,128.26
OAL,312.07,1.43
OFSS,7992.5,145.47
OIL,470.1,273.87
OLAELEC,40.82,862.62
OLECTRA,1225.15,235.93
OMINFRAL,94.98,1.5
ONGC,284.05,663.94
ONMOBILE,47.66,1.55
ORCHPHARMA,569.4,4.14
ORICONENT,67.81,1.31
ORIENTCEM,144.89,5.95
ORIENTELEC,179.56,6.17
ORIENTHOT,98.69,2.21
ORIENTPPR,19.21,1.1
ORISSAMINE,4186.9,20.31
OSWALGREEN,29.28,0.93
PAGEIND,37975.0,42.11
PAISALO,43.81,41.6
PAKKA,100.37,2.27
PANAMAPET,275.4,1.53
PARACABLES,40.4,3.86
PARADEEP,124.33,68.11
PARAGMILK,222.66,21.16
PARAS,809.15,81.11
PARKHOTELS,121.66,5.3
PATANJALI,468.3,86.32
PATELENG,28.49,16.39
PAYTM,1161.65,269.17
PCBL,285.41,147.2
PDSL,301.25,23.28
PENIND,175.64,12.9
PETRONET,273.22,147.8
PFC,464.85,458.43
PFIZER,4960.7,6.68
PFOCUS,345.05,139.08
PFS,31.93,2.21
PGEL,561.4,265.7
PGHH,10005.0,23.96
PGHL,5022.9,10.58
PGIL,1642.9,6.47
PHOENIXLTD,1792.2,105.85
PIDILITIND,1393.4,133.8
PIIND,3139.7,85.81
PILANIINVS,4928.4,3.1
PITTIENG,928.2,5.39
PIXTRANS,1524.5,1.94
PLATIND,223.55,2.73
PNB,114.48,220.33
PNBGILTS,74.9,3.03
PNBHOUSING,923.7,90.92
PNCINFRA,203.11,11.74
PNGJL,667.65,18.5
POCL,1238.8,20.38
POKARNA,927.45,7.96
POLYCAB,8182.5,379.29
POLYMED,1467.4,22.47
POLYPLEX,883.7,8.83
POONAWALLA,413.75,91.92
POWERGRID,318.1,512.44
POWERINDIA,28925.0,-60.21
POWERMECH,2376.0,32.68
PPL,219.67,2.07
PPLPHARMA,148.85,45.46
PRAJIND,350.9,94.66
PRAKASH,143.98,7.21
PRECAM,155.65,22.69
PRECWIRE,376.9,27.43
PREMEXPLN,501.3,14.27
PREMIERENE,1034.6,267.11
PRICOLLTD,586.8,13.91
PRIMESECU,284.9,0.82
PRINCEPIPE,254.95,5.17
PRUDENT,2752.0,8.75
PSB,25.24,4.53
PSPPROJECT,725.95,5.85
PTC,184.75,27.83
PTCIL,15703.0,33.24
PUNJABCHEM,1070.5,0.98
PURVA,225.18,41.71
PVRINOX,937.65,37.69
QUESS,197.36,4.82
QUICKHEAL,171.8,3.7
RACE,137.22,0.68
RADIANTCMS,41.84,0.92
RADICO,3186.9,143.48
RAILTEL,335.29,201.7
RAIN,132.4,41.68
RAINBOW,1248.4,38.07
RAJESHEXPO-BZ,126.31,4.08
RAJRATAN,429.4,3.4
RALLIS,268.0,9.6
RAMCOCEM,1011.05,23.44
RAMCOIND,280.16,2.1
RAMKY,515.05,4.81
RAMRAT,389.8,8.54
RANEHOLDIN,1081.05,2.07
RATEGAIN,583.65,17.54
RATNAMANI,2461.3,7.68
RAYMOND,422.4,20.33
RAYMONDLSL,803.4,18.04
RBA,63.27,9.16
RBLBANK,315.55,156.71
RCF,131.77,32.49
RECLTD,373.3,321.06
REDINGTON,234.67,112.15
REDTAPE,122.3,4.88
RELAXO,309.03,8.93
RELIANCE,1365.0,2820.9
RELIGARE,223.4,42.93
REMSONSIND,99.46,1.31
RENUKA,28.17,31.46
REPCOHOME,400.05,6.71
RESPONIND,153.36,3.59
RGL,106.9,13.13
RHIM,401.9,7.52
RICOAUTO,119.08,18.22
RIIL,802.75,21.3
RISHABH,463.75,3.68
RITCO,204.68,2.88
RITES,221.95,20.63
RKFORGE,535.15,19.29
RKSWAMY,90.62,0.85
ROHLTD,360.7,3.13
ROLEXRINGS,136.35,6.41
ROSSARI,504.25,6.87
ROTO,60.25,3.37
ROUTE,513.25,36.56
RPEL,711.45,3.01
RPGLIFE,2024.6,2.86
RPSGVENT,962.5,369.35
RPTECH,455.9,7.64
RSWM,160.61,0.82
RTNINDIA,34.72,12.59
RUPA,142.54,2.77
RUSHIL,16.17,1.59
RVNL,303.06,259.35
SAFARI,1577.5,13.64
SAGCEM,185.19,2.32
SAIL,173.33,430.75
SAKSOFT,147.69,4.43
SALZERELEC,632.9,4.03
SAMHI,163.1,22.04
SAMMAANCAP,154.53,297.22
SANDHAR,506.85,3.8
SANDUMA,218.47,33.58
SANGHIIND,58.72,6.46
SANGHVIMOV,306.85,11.65
SANOFI,3559.8,12.95
SANOFICONR,4720.0,5.73
SANSERA,2378.3,52.22
SAPPHIRE,172.34,20.61
SARDAEN,595.5,42.56
SAREGAMA,343.9,13.93
SASKEN,1345.7,4.46
SATIA,66.7,1.18
SATIN,175.49,3.59
SBC,33.04,33.56
SBCL,523.0,11.96
SBFC,97.35,24.65
SBICARD,695.2,102.71
SBILIFE,1970.9,219.46
SBIN,1080.25,1993.68
SCHAEFFLER,4002.5,40.69
SCHAND,166.98,0.75
SCI,305.87,284.12
SCILAL,47.44,3.8
SDBL,86.3,9.44
SEAMECLTD,1555.9,11.49
SENCO,326.3,88.85
SEPC,7.64,22.15
SERVOTECH,85.77,7.08
SFL,547.85,6.12
SHALBY,161.02,1.92
SHALPAINTS,53.77,0.55
SHANKARA,106.74,2.47
SHANTIGEAR,472.3,0.82
SHARDACROP,1107.85,34.69
SHARDAMOTR,869.0,6.19
SHAREINDIA,146.8,11.03
SHK,146.97,6.15
SHREDIGCEM,73.99,1.5
SHREECEM,25290.0,75.21
SHRIRAMPPS,82.56,7.05
SHYAMMETL,864.2,27.91
SIEMENS,3707.9,175.04
SIGACHI,23.35,7.26
SIGNATURE,801.25,33.41
SINDHUTRAD,23.61,4.66
SIRCA,456.7,14.64
SIS,323.4,1.74
SIYSIL,544.25,4.42
SJS,1703.8,17.6
SJVN,78.62,44.13
SKFINDIA,1705.7,7.17
SKIPPER,433.35,14.08
SNOWMAN,42.99,1.9
SOBHA,1332.2,17.07
SOLARA,499.1,4.21
SOLARINDS,15089.0,-21.64
SOMANYCERA,441.4,2.07
SONACOMS,593.85,145.25
SONATSOFTW,280.34,47.79
SOTL,364.85,1.2
SOUTHBANK,38.93,62.92
SPAL,764.8,2.17
SPANDANA,226.23,4.77
SPARC,148.01,34.27
SPENCERS,35.25,0.68
SPIC,72.26,5.47
SPLPETRO,774.8,20.9
SPORTKING,140.13,5.62
SRF,2494.5,180.21
SRHHYPOLTD,495.7,0.73
SSDL,64.04,0.23
SSWL,220.94,4.64
SUBROS,788.5,5.82
SUDARSCHEM,873.75,38.73
SULA,175.15,8.62
SUMICHEM,442.4,10.07
SUMMITSEC,1713.1,1.2
SUNCLAY,1451.8,2.14
SUNPHARMA,1675.5,591.0
SUNTECK,333.65,10.86
SUNTV,643.25,35.18
SUPRAJIT,425.2,5.12
SUPREMEIND,3709.0,128.56
SUPRIYA,638.5,8.87
SURYAROSNI,239.49,10.31
SURYODAY,144.05,4.58
SUZLON,52.93,451.59
SWANCORP,354.85,76.98
SWARAJENG,4053.2,17.2
SWSOLAR,193.97,32.92
SYMPHONY,813.3,12.05
SYNGENE,436.6,56.77
SYRMA,978.1,139.83
TAJGVK,332.35,5.56
TALBROAUTO,275.62,3.99
TANLA,491.1,25.11
TARC,135.5,10.9
TARSONS,214.13,2.11
TATACHEM,709.05,138.11
TATACOMM,1521.1,44.19
TATACONSUM,1113.2,177.68
TATAELXSI,4592.5,140.33
TATAPOWER,427.6,424.39
TATATECH,589.3,65.37
TATVA,1278.3,5.65
TBOTEK,1293.8,22.47
TCI,1004.0,8.53
TCIEXP,543.45,1.86
TCPLPACK,2653.5,1.18
TCS,2581.5,1122.28
TDPOWERSYS,996.9,109.3
TEAMLEASE,1238.7,6.44
TECHM,1511.4,340.06
TECHNOE,1234.25,31.37
TEGA,1738.0,27.74
TEJASNET,424.55,210.25
TEXRAIL,106.01,27.45
TFCILTD,73.04,38.7
THANGAMAYL,4210.6,46.33
THEJO,1816.5,2.22
THERMAX,4141.4,95.79
THOMASCOOK,110.91,16.26
THYROCARE,389.05,11.41
TI,470.0,29.08
TIIL,2455.8,4.92
TIINDIA,2790.2,81.15
TIMETECHNO,195.39,53.04
TIMKEN,3506.6,16.69
TIRUMALCHM,200.73,14.23
TITAGARH,741.05,158.6
TITAN,4525.9,582.47
TMB,683.75,17.27
TMPV,360.1,350.44
TNPL,140.21,1.54
TOLINS,115.54,1.59
TORNTPHARM,4179.5,172.04
TORNTPOWER,1565.0,81.94
TRACXN,34.85,1.1
TREL,28.57,0.39
TRENT,4107.7,477.78
TRIDENT,26.12,44.16
TRITURBINE,515.45,46.68
TSFINV,405.4,4.27
TVSHLTD,14643.0,11.64
TVSSCS-BE,115.69,4.21
TVSSRICHAK,3907.7,2.28
TVTODAY,114.92,1.22
UBL,1493.6,39.5
UCOBANK,26.77,20.63
UDS,161.33,3.85
UFLEX,406.15,4.14
UGARSUGAR,40.43,1.02
UGROCAP,114.83,15.8
ULTRACEMCO,11886.0,-59.23
UNICHEMLAB,351.2,1.63
UNIECOM,101.78,4.78
UNIONBANK,188.91,323.22
UNIPARTS,517.5,3.56
UNITDSPR,1302.9,197.42
UNOMINDA,1097.8,111.72
UPL,664.7,146.19
USHAMART,448.8,14.26
UTIAMC,1034.8,19.69
UTKARSHBNK,13.79,9.92
UTTAMSUGAR,247.33,5.87
VADILALIND,4587.6,6.66
VAIBHAVGBL,223.7,8.86
VASCONEQ,38.73,5.03
VBL,473.9,282.1
VEDL,787.5,1141.08
VEEDOL,1442.0,1.83
VENKEYS,1590.0,11.4
VENUSPIPES,1289.8,11.19
VESUVIUS,499.6,7.55
VGUARD,328.85,9.23
VIDHIING,315.9,0.87
VIJAYA,1022.55,11.56
VIMTALABS,478.25,8.51
VINATIORGA,1291.5,15.9
VINCOFE,141.76,32.77
VINDHYATEL,1370.4,6.36
VIPIND,320.3,9.46
VISHNU,580.95,5.72
VLSFINANCE,239.44,0.33
VMART,614.25,314.25
VOLTAMP,10145.0,39.08
VOLTAS,1440.1,194.94
VPRPL,43.84,7.63
VRAJ,130.36,0.5
VRLLOG,261.59,4.56
VSSL,256.64,1.23
VTL,557.6,32.05
WABAG,1389.5,52.68
WCIL,101.99,1.72
WEL,93.11,53.14
WELCORP,1077.15,59.99
WELENT,483.8,6.79
WENDT,7100.0,7.85
WHEELS,1067.05,12.89
WHIRLPOOL,889.8,29.01
WINDLAS,866.75,3.83
WINDMACHIN,305.99,3.33
WIPRO,204.32,505.18
WOCKPHARMA,1395.3,92.67
WONDERLA,550.3,3.67
XCHANGING,65.69,0.99
XPROINDIA,1071.2,6.35
YASHO,1533.2,1.82
YATHARTH,755.75,28.59
YATRA,123.38,38.51
YESBANK,20.19,198.1
ZEEL,81.04,130.94
ZENSARTECH,602.65,26.52
ZENTEC,1616.5,90.2
ZFCVINDIA,14500.0,26.08
ZIMLAB,79.34,0.64
ZOTA,1318.9,7.44
ZUARI,229.7,3.95
ZUARIIND,271.83,1.95
ZYDUSLIFE,943.95,57.62
ZYDUSWELL,499.25,189.84
