s,l,pnl,roi,pf,taken,skipped,min_cash,max_conc
200000,400000,37169130.85098766,3716.913085098766,6.880505120112018,6580,17284,0.0,6
200000,480000,37065995.40803391,3706.5995408033905,7.06483559515207,6100,17764,0.0,6
190000,400000,36826456.95614212,3682.6456956142115,6.8589012751429435,6709,17155,211.29419813747518,6
160000,420000,36592915.230061896,3659.29152300619,6.875652551240875,7059,16805,0.0,7
200000,500000,36591988.69343797,3659.198869343797,6.955100927464984,6051,17813,0.0,6
190000,480000,36527242.824865334,3652.7242824865334,7.008396783843114,6203,17661,239.7134472297039,6
180000,480000,36392572.98001178,3639.2572980011787,7.025925699971124,6307,17557,152.62793396622874,6
180000,400000,36343092.02377188,3634.3092023771883,6.871280317322213,6755,17109,30.506166477920488,7
190000,500000,36243229.31261702,3624.322931261702,6.933923695737133,6158,17706,0.0,6
200000,380000,36234549.85986399,3623.454985986399,6.799723486761247,6660,17204,0.0,6
180000,500000,35926326.56413747,3592.6326564137476,6.995224771330305,6219,17645,0.0,7
200000,460000,35922916.77092332,3592.2916770923316,6.954294394129546,6106,17758,0.0,6
190000,380000,35790714.90765928,3579.071490765928,6.791868166301509,6734,17130,352.47840539668687,6
150000,420000,35672924.732272245,3567.2924732272245,6.798917708288075,7193,16671,266.9281081900699,8
160000,400000,35645886.6550196,3564.5886655019603,6.825942230801469,7131,16733,49.56422403152101,7
170000,400000,35585516.72020514,3558.551672020514,6.7695449637778555,6835,17029,25.905454675201327,7
190000,460000,35528786.096466206,3552.8786096466206,6.837971799906979,6251,17613,76.31279554590583,6
180000,380000,35524282.631004214,3552.428263100421,6.881111699775272,6772,17092,282.5012783810962,6
200000,440000,35274830.777349226,3527.4830777349225,6.8870684678742276,6156,17708,0.0,6
200000,320000,35268496.05481003,3526.849605481003,6.7509943351826305,6947,16917,0.0,6
170000,500000,35237956.786642835,3523.7956786642835,6.8503690696142145,6346,17518,0.0,8
190000,320000,35226116.726866536,3522.6116726866535,6.800195066232487,7029,16835,35.56209207640495,6
200000,360000,35215018.75863578,3521.501875863578,6.752479646494929,6692,17172,0.0,6
180000,320000,35125569.03729636,3512.5569037296364,6.7064230109518395,7173,16691,0.0,6
170000,460000,35080705.0912267,3508.0705091226696,6.613693069047675,6608,17256,359.94834496616386,7
200000,420000,35071912.77338954,3507.191277338954,6.880439171850494,6237,17627,0.0,6
170000,480000,35044998.13925795,3504.4998139257955,6.572978225636529,6561,17303,461.18974380590953,7
120000,440000,34946866.6246922,3494.6866624692198,6.521195482728862,7942,15922,0.0,10
140000,420000,34904142.440869905,3490.4142440869905,6.552106131322114,7598,16266,37.690475618466735,9
150000,380000,34885151.21004949,3488.5151210049485,6.610226743201163,7434,16430,156.63506023259833,8
180000,440000,34852750.92703679,3485.2750927036795,6.664227155861619,6529,17335,563.5935019135941,6
150000,400000,34840684.49259804,3484.0684492598043,6.5525247606662385,7318,16546,0.0,8
170000,380000,34835059.86857809,3483.505986857809,6.7255515808221045,6870,16994,97.32313660043292,7
160000,500000,34784598.35076985,3478.4598350769847,6.5410087319585,6810,17054,0.0,7
150000,480000,34769456.521945596,3476.9456521945594,6.722914605505475,6936,16928,39.96364695800003,8
160000,480000,34723350.55127187,3472.335055127187,6.612178652250606,6847,17017,178.8479872380849,7
160000,380000,34691842.26610678,3469.1842266106773,6.644076085130788,7200,16664,125.79816047206987,8
190000,440000,34687105.643218964,3468.7105643218965,6.679201988950853,6315,17549,30.510135439573787,6
190000,360000,34672488.24326469,3467.248824326469,6.700895520275554,6778,17086,260.02600576379336,6
190000,420000,34655982.929169066,3465.5982929169063,6.617875785084868,6512,17352,378.6502191494219,6
180000,420000,34654390.21105872,3465.4390211058717,6.628580311435369,6576,17288,82.4466308336705,6
170000,440000,34612309.25844009,3461.230925844009,6.64131915098398,6629,17235,53.314499628846534,7
130000,420000,34610987.42552113,3461.098742552113,6.625973667940335,7713,16151,8.34199602715671,9
180000,460000,34555266.76479446,3455.526676479446,6.538901111281292,6472,17392,0.0,7
160000,460000,34503121.01253951,3450.312101253952,6.6601676453017244,6880,16984,266.8846309748478,7
140000,400000,34492757.63973635,3449.2757639736346,6.534848156838684,7634,16230,196.78205491998233,9
170000,320000,34487551.95351872,3448.755195351872,6.422616295013492,7350,16514,0.0,7
180000,360000,34480992.911479786,3448.099291147979,6.706814705302292,6825,17039,275.1234313963214,7
160000,360000,34434435.52337813,3443.443552337813,6.550661415929913,7384,16480,0.0,8
160000,320000,34414744.00009446,3441.474400009446,6.4066898090712625,7644,16220,158.13539872411638,7
130000,400000,34253775.81035316,3425.3775810353163,6.637864622475741,7772,16092,103.96424402314005,9
200000,300000,34229876.239527516,3422.987623952751,6.385023870507676,7080,16784,0.0,6
160000,440000,34216084.64149651,3421.608464149651,6.599751977514007,6894,16970,126.13815961405635,7
170000,420000,34195820.67774955,3419.5820677749552,6.5589417428057315,6672,17192,201.40282860258594,7
150000,360000,34185060.62966312,3418.506062966312,6.560120331390152,7506,16358,111.65535703697242,8
140000,380000,34133449.95678143,3413.3449956781433,6.562283061462971,7718,16146,159.68388264148962,9
170000,360000,34129971.20537519,3412.9971205375186,6.667813805802516,6946,16918,32.31870205618907,7
150000,460000,34082531.34878163,3408.253134878163,6.662907665522501,6940,16924,275.0115107779857,8
150000,500000,34057917.03479114,3405.791703479114,6.518626716722945,6894,16970,0.0,9
120000,420000,34016745.1904087,3401.67451904087,6.419469211999603,8020,15844,87.13399595557712,10
200000,340000,33999889.717520185,3399.988971752018,6.596850543808259,6750,17114,0.0,6
160000,340000,33888680.23786489,3388.868023786489,6.297927393987711,7527,16337,0.0,7
120000,380000,33860649.07188394,3386.064907188394,6.3153881726076495,8321,15543,0.0,10
190000,300000,33859448.69462995,3385.9448694629955,6.421102274747923,7152,16712,253.81769347412046,6
150000,320000,33857173.62852197,3385.717362852197,6.4360439683379065,7735,16129,175.72062940627802,8
150000,440000,33843106.3497239,3384.31063497239,6.645420893088112,7001,16863,15.124811937334016,8
190000,340000,33803830.98796892,3380.383098796892,6.612078719060027,6838,17026,316.25190891255625,6
140000,320000,33803126.89167146,3380.3126891671454,6.445877552321574,8066,15798,12.726135719334707,9
170000,340000,33770668.02922421,3377.066802922421,6.6415618598544865,7055,16809,97.66168043238577,7
10000,480000,33756455.55410622,3375.645555410622,7.070186494589895,15797,8067,0.0,104
180000,340000,33750619.84928479,3375.061984928479,6.678560657371417,6913,16951,458.8914742298657,7
120000,400000,33648497.323851444,3364.8497323851443,6.345946816995497,8178,15686,0.0,10
180000,300000,33641809.613647275,3364.1809613647274,6.514409841832022,7243,16621,45.306185415247455,6
100000,440000,33546435.799035717,3354.643579903572,6.369472573401326,8719,15145,0.0,12
140000,480000,33543988.486969944,3354.3988486969943,6.395981617468169,7279,16585,78.0649417443201,8
110000,440000,33494010.066537347,3349.401006653735,6.247245499502541,8371,15493,72.37842963496223,11
160000,280000,33493732.053976238,3349.3732053976237,6.331010820997598,7936,15928,0.0,7
130000,360000,33491386.132136595,3349.1386132136595,6.3392697823863395,8021,15843,39.98448306671344,9
130000,440000,33372385.84082301,3337.238584082301,6.409771452187486,7614,16250,8.716440120129846,9
160000,300000,33359610.753972232,3335.9610753972233,6.323677464431957,7725,16139,47.687509593670256,7
10000,460000,33353850.456732705,3335.3850456732707,6.607983868451805,16009,7855,0.0,104
140000,460000,33350230.648628235,3335.0230648628235,6.426661620293307,7306,16558,22.796742344275117,8
130000,380000,33349443.686383244,3334.9443686383247,6.527673945080283,7862,16002,140.6371731343097,9
170000,300000,33321651.42719889,3332.1651427198885,6.298306918108728,7442,16422,223.6700460407883,6
140000,360000,33310804.05388599,3331.0804053885986,6.286183234488551,7796,16068,0.0,8
110000,420000,33304670.582862478,3330.4670582862477,6.342788166609351,8437,15427,129.34016708203126,11
150000,280000,33275898.620950285,3327.589862095029,6.406415193857224,8107,15757,37.11439150176011,8
140000,440000,33254906.252934903,3325.49062529349,6.318278342273012,7434,16430,0.0,8
150000,340000,33212122.934514403,3321.2122934514405,6.302612319951067,7638,16226,120.00618638575543,8
200000,280000,33157846.557579026,3315.784655757903,6.284389873955082,7158,16706,0.0,6
150000,300000,33145465.54999927,3314.546554999927,6.361454816065808,7825,16039,51.646043996326625,8
20000,460000,33144804.693557344,3314.480469355735,6.6370245239286625,14458,9406,0.0,55
70000,460000,33118014.08218265,3311.801408218265,6.459324785689211,9920,13944,153.66498269047588,17
130000,320000,33096106.344774835,3309.610634477483,6.321954287580316,8281,15583,5.126057116664015,9
130000,480000,33093345.95041027,3309.3345950410267,6.285450065409364,7484,16380,0.0,9
120000,320000,33070977.431356493,3307.0977431356496,6.17481725364743,8617,15247,0.0,10
130000,500000,33070898.34240691,3307.0898342406913,6.384711288241297,7365,16499,0.0,9
140000,500000,33045858.13807675,3304.5858138076746,6.386184620442851,7204,16660,0.0,8
80000,440000,33036729.5563518,3303.67295563518,6.410139950329529,9504,14360,0.0,15
120000,480000,33007517.093805615,3300.751709380562,6.276079433990745,7792,16072,208.61694697663188,10
140000,300000,32977091.09309055,3297.709109309055,6.284764256363676,8253,15611,0.0,9
140000,280000,32973273.178494252,3297.3273178494255,6.158952846914918,8510,15354,51.23390995617956,8
80000,460000,32921659.440930393,3292.165944093039,6.259399548255659,9421,14443,0.0,16
180000,240000,32859152.89827027,3285.915289827027,6.313035581739689,7906,15958,24.195566039299592,6
130000,460000,32855619.431124993,3285.561943112499,6.3149196186489895,7545,16319,65.45411755377427,9
120000,500000,32849850.911095828,3284.9850911095828,6.201667096626439,7792,16072,0.0,10
20000,480000,32840424.896582887,3284.042489658289,6.691382684618657,14319,9545,0.0,54
190000,280000,32815281.725334473,3281.528172533447,6.322894671697733,7228,16636,74.39835528982803,6
110000,380000,32751587.884390466,3275.158788439047,6.236142103720981,8614,15250,24.766913161962293,11
190000,240000,32742717.300963193,3274.2717300963195,6.279566781695216,7772,16092,0.0,6
160000,260000,32714304.899952788,3271.4304899952785,6.218857970454814,8135,15729,0.0,7
200000,240000,32698278.477436997,3269.8278477437,6.259182889564779,7554,16310,0.0,6
70000,440000,32666266.229625646,3266.626622962565,6.396069820564488,10067,13797,0.0,18
190000,260000,32632596.125912055,3263.259612591205,6.22618137451875,7479,16385,143.5507686440833,6
180000,260000,32607520.081366174,3260.7520081366174,6.2396396281360715,7671,16193,306.85614731698297,6
40000,480000,32603992.840688,3260.3992840688,6.479117332461825,12158,11706,0.0,29
80000,420000,32577345.590306148,3257.7345590306145,6.201936059981048,9627,14237,0.0,15
130000,280000,32571633.355870955,3257.163335587096,6.17203459447285,8657,15207,125.08189937286079,9
200000,260000,32566961.304470357,3256.6961304470356,6.183794852168777,7330,16534,0.0,6
180000,280000,32525248.383729987,3252.5248383729986,6.204421287395777,7435,16429,0.0,6
90000,440000,32503035.667012062,3250.3035667012064,6.172156526300816,9105,14759,28.94128875772003,13
140000,340000,32445195.164446518,3244.519516444652,6.165167631220193,7895,15969,103.61346895003226,8
110000,400000,32439354.20213461,3243.935420213461,6.192045938165333,8489,15375,155.8570269594784,11
60000,460000,32430414.133223534,3243.0414133223535,6.3657801806187155,10585,13279,0.0,21
90000,420000,32423167.316147406,3242.3167316147405,6.291940738773299,9153,14711,11.837259219144471,13
170000,280000,32417936.64996342,3241.793664996342,6.182936400543538,7565,16299,49.698273475980386,7
100000,420000,32414647.785456516,3241.464778545652,6.216159020160031,8763,15101,0.0,12
170000,260000,32403352.71402565,3240.335271402565,6.266909832534791,7770,16094,292.0852379372809,7
130000,300000,32389443.04074054,3238.944304074054,6.062852851605416,8456,15408,149.37208462809213,9
120000,460000,32344854.31692,3234.485431692,6.205583820041459,7832,16032,333.69576890126336,10
70000,420000,32343015.694329042,3234.301569432904,6.186064178269908,10171,13693,106.23882112710271,18
10000,440000,32331746.175220184,3233.1746175220183,6.5066922168630645,16061,7803,0.0,104
120000,360000,32308284.72151299,3230.828472151299,6.083765832103481,8381,15483,42.88351015839726,10
100000,400000,32267134.174910914,3226.7134174910916,6.038691694531023,8890,14974,0.0,12
30000,440000,32241121.81495727,3224.112181495727,6.383880135077376,13341,10523,0.0,39
120000,300000,32238356.111698173,3223.835611169817,6.074458038076281,8751,15113,130.05994335364085,10
130000,340000,32235803.655950464,3223.5803655950463,6.127435879103085,8165,15699,172.52830465818988,9
100000,500000,32212477.885388408,3221.2477885388407,6.171879948269663,8492,15372,0.0,12
20000,440000,32165521.074588344,3216.552107458834,6.365848700367207,14652,9212,0.0,55
160000,240000,32164120.05205041,3216.4120052050416,6.074847485377887,8317,15547,237.13174897502176,8
170000,240000,32146707.876814958,3214.6707876814958,6.107391288469313,8003,15861,236.0060654161498,7
90000,400000,32108538.267984297,3210.8538267984295,6.121218725224809,9240,14624,17.856299640552606,13
110000,500000,32093693.604532447,3209.3693604532446,6.215245775605796,8108,15756,0.0,11
150000,260000,32052681.04327207,3205.2681043272073,6.151402253888437,8279,15585,4.964503317634808,8
60000,440000,31985937.538448676,3198.593753844868,6.100212787144669,10666,13198,0.0,21
40000,460000,31981325.972701278,3198.132597270128,6.2161968204855205,12263,11601,0.0,30
100000,300000,31967041.31970063,3196.704131970063,6.0183476898756325,9541,14323,0.0,12
120000,280000,31966932.01947323,3196.693201947323,6.066086986544501,8974,14890,0.0,10
50000,460000,31942718.45313516,3194.2718453135158,6.2925873657575275,11327,12537,0.0,25
140000,240000,31915557.808819886,3191.5557808819885,5.982338823486903,8866,14998,0.0,9
80000,400000,31915071.385029387,3191.5071385029387,6.156148436779128,9668,14196,219.48329525266308,16
110000,460000,31901660.320091065,3190.1660320091064,6.129072177749419,8195,15669,34.873311198782176,11
100000,380000,31814186.58236694,3181.418658236694,6.021326822703888,8981,14883,0.0,12
110000,320000,31793051.721480243,3179.305172148024,5.98941331573936,8989,14875,80.35830523294862,11
50000,440000,31789107.71653938,3178.910771653938,6.154282906502265,11476,12388,0.0,25
110000,480000,31726325.18661596,3172.632518661596,6.033300396889798,8142,15722,30.209719535079785,11
30000,460000,31712055.20003684,3171.205520003684,6.384219957810925,13211,10653,0.0,37
110000,360000,31701756.485034637,3170.1756485034634,6.045514058550097,8685,15179,88.40129143180093,11
120000,340000,31656744.288069125,3165.6744288069126,6.047096023974052,8444,15420,70.59625334129669,10
100000,460000,31625415.48565115,3162.541548565115,6.0691969893429265,8595,15269,0.0,12
150000,240000,31622491.50757129,3162.249150757129,5.976733649314016,8530,15334,178.5979778021574,8
140000,260000,31598675.1832351,3159.86751832351,6.036637288291239,8579,15285,223.14269716129638,8
80000,500000,31588389.519875634,3158.838951987563,6.244623877382213,9329,14535,0.0,16
90000,500000,31584561.614894114,3158.4561614894114,6.154653721880479,8833,15031,0.0,14
130000,240000,31577267.032551542,3157.7267032551545,5.911358221831173,9089,14775,0.0,9
30000,480000,31557427.474527486,3155.7427474527485,6.475114597785965,13142,10722,40.28487906861119,39
60000,420000,31547770.15521624,3154.777015521624,6.0454123094969106,10744,13120,107.52922752290033,20
110000,300000,31543583.172374375,3154.3583172374374,5.996547788210078,9071,14793,35.029907170915976,11
100000,320000,31496271.038835887,3149.6271038835885,5.926394487913294,9272,14592,0.0,13
20000,420000,31491871.246891584,3149.1871246891583,6.3075965571002275,14809,9055,0.0,55
190000,220000,31460021.748964097,3146.00217489641,6.017254927319638,7953,15911,61.956926982849836,6
100000,480000,31440168.722829804,3144.0168722829803,6.021381219196113,8544,15320,0.0,12
130000,260000,31420990.013841648,3142.099001384165,6.10381665727129,8730,15134,10.900443448452279,9
40000,440000,31375875.398612767,3137.5875398612766,6.1597924165841835,12344,11520,0.0,30
70000,400000,31348896.00421311,3134.889600421311,6.033501453030053,10213,13651,37.32867190381512,18
50000,420000,31332980.217815552,3133.2980217815552,6.171693434276016,11604,12260,0.0,25
90000,300000,31328772.66916068,3132.8772669160676,5.930734950886874,9858,14006,167.4531183190411,13
110000,340000,31296469.395860318,3129.6469395860317,5.9580205289916695,8820,15044,0.0,11
200000,200000,31228410.2776338,3122.84102776338,5.737371985459093,8224,15640,0.0,6
80000,480000,31207235.028759856,3120.7235028759856,6.154676631723607,9370,14494,26.322650241549127,16
70000,480000,31182618.469495445,3118.2618469495446,6.199800421720912,9927,13937,63.94157355185598,19
40000,420000,31124286.906389836,3112.428690638984,6.080985492701256,12442,11422,0.0,29
120000,260000,31114685.86687769,3111.468586687769,5.8998784853930495,9135,14729,0.0,10
90000,380000,31109692.447895512,3110.9692447895513,5.938473949870386,9309,14555,92.8216279092594,13
80000,380000,31109578.360603746,3110.9578360603746,5.892200925525062,9790,14074,0.0,15
200000,220000,31097908.138090666,3109.7908138090665,6.079734268754086,7659,16205,0.0,6
110000,280000,31094891.660994787,3109.4891660994786,5.854104582029143,9294,14570,0.0,11
10000,420000,31082708.717282593,3108.2708717282594,6.300805099690814,16165,7699,0.0,104
100000,360000,31078861.604528364,3107.8861604528365,5.915393362322111,9083,14781,0.0,12
90000,460000,31026891.43272495,3102.6891432724947,5.989707982340627,9019,14845,0.0,13
110000,240000,31024550.88470839,3102.4550884708387,5.851971288328626,9724,14140,17.573805538006127,11
190000,200000,31006830.18990456,3100.683018990456,5.735657389050795,8331,15533,0.0,6
180000,220000,30994444.308597084,3099.4444308597085,5.957677872190269,8040,15824,197.7981225392432,7
80000,300000,30969902.624981686,3096.9902624981687,5.945994618878961,10263,13601,0.0,15
100000,340000,30950199.596274834,3095.0199596274833,5.9429596542312355,9186,14678,0.0,12
120000,240000,30912289.218915462,3091.228921891546,5.771111736512211,9395,14469,90.01970712153707,10
70000,500000,30897668.289673932,3089.766828967393,6.094599204194615,9843,14021,0.0,19
30000,420000,30843638.187789883,3084.3638187789884,6.0289434680182445,13417,10447,20.198554398841225,39
170000,220000,30804221.53405372,3080.4221534053722,5.869408987908315,8194,15670,0.0,7
90000,360000,30801000.555325992,3080.100055532599,5.80520637676796,9506,14358,126.5858886858914,13
110000,260000,30755591.742178854,3075.5591742178854,5.798228613196543,9518,14346,0.0,11
160000,220000,30712194.350907046,3071.219435090705,5.776591380098092,8498,15366,109.5824355550576,7
90000,320000,30673145.57573939,3067.314557573939,5.847814012147558,9657,14207,0.0,13
150000,220000,30671240.097572487,3067.1240097572486,5.848064988369263,8702,15162,103.69987453718204,8
80000,280000,30650331.43630516,3065.0331436305164,5.841408182237836,10484,13380,0.0,15
70000,380000,30635378.479563806,3063.5378479563806,5.975065654023664,10346,13518,51.89621699182317,18
100000,280000,30614097.62061342,3061.4097620613416,5.839076852362073,9647,14217,0.0,12
60000,400000,30594200.905478567,3059.4200905478565,5.924608703235269,10893,12971,0.0,21
180000,200000,30584099.73086555,3058.409973086555,5.770373226453994,8380,15484,0.0,6
90000,480000,30573751.283158362,3057.3751283158363,5.868114715941981,8871,14993,42.52823068178259,14
30000,400000,30567564.236564033,3056.756423656403,6.025884392642772,13588,10276,0.0,38
80000,320000,30538733.322407007,3053.8733322407006,5.874965463330818,10090,13774,131.9250722550787,15
140000,220000,30537793.138993897,3053.7793138993898,5.795524092829343,9094,14770,0.0,9
60000,380000,30482060.07560088,3048.206007560088,5.944518618710326,11011,12853,0.0,21
20000,400000,30440176.288135767,3044.0176288135767,6.147394605412842,14881,8983,0.0,55
50000,480000,30439225.609741297,3043.9225609741297,6.091834315514596,11255,12609,0.0,25
50000,400000,30406806.44799905,3040.6806447999047,6.04322567116728,11693,12171,0.0,25
70000,300000,30385335.8013988,3038.53358013988,5.934459720090225,10778,13086,0.0,17
90000,280000,30305142.137075916,3030.5142137075914,5.821336559915846,10001,13863,0.0,14
60000,500000,30304499.262120936,3030.4499262120935,6.198986828424631,10507,13357,0.0,21
120000,220000,30198562.889895044,3019.8562889895043,5.707686921796483,9566,14298,0.0,10
60000,480000,30190904.034028973,3019.0904034028977,6.10692163988918,10566,13298,17.65553388540866,21
100000,240000,30160235.814294115,3016.0235814294115,5.7264501593147505,9979,13885,0.0,12
80000,360000,30154555.563346107,3015.4555563346107,5.835678467484451,9927,13937,0.0,15
60000,300000,30108532.23155137,3010.853223155137,5.969027644487252,11373,12491,3.437217741506174,20
170000,200000,30036012.830574233,3003.601283057423,5.697523809857982,8465,15399,0.0,7
160000,200000,30030235.91959672,3003.023591959672,5.699833263413202,8818,15046,0.0,7
40000,400000,29967302.805766508,2996.730280576651,5.885955437100328,12538,11326,0.0,30
100000,260000,29954839.87370307,2995.4839873703067,5.724533327773228,9822,14042,0.0,12
70000,360000,29945159.011797134,2994.5159011797136,5.762062764756609,10511,13353,0.0,18
90000,340000,29908344.479981605,2990.8344479981606,5.778902413804377,9552,14312,117.00118800182827,14
10000,500000,29880699.509558868,2988.0699509558867,7.2013029614799136,15660,8204,0.0,104
130000,220000,29862831.899083707,2986.283189908371,5.708725760735179,9205,14659,0.0,9
20000,500000,29810340.059822515,2981.0340059822515,6.662279799119876,14297,9567,0.0,54
10000,400000,29762564.022834674,2976.256402283467,6.215112312773167,16273,7591,0.0,104
80000,340000,29738388.865079876,2973.838886507988,5.800611153310681,10046,13818,0.0,15
140000,200000,29729976.89331549,2972.9976893315493,5.716639843425832,9289,14575,0.0,9
90000,260000,29703964.392346654,2970.3964392346656,5.701167214491403,10168,13696,0.6805037764133886,14
50000,380000,29692441.71824469,2969.244171824469,5.91750396153023,11754,12110,0.0,25
70000,320000,29689720.954331134,2968.9720954331133,5.699046247778193,10640,13224,218.29051789897494,17
90000,240000,29656955.926064674,2965.6955926064675,5.650888593049217,10387,13477,27.616346078692004,13
150000,200000,29637032.21872973,2963.703221872973,5.621115218251281,9039,14825,0.0,8
70000,280000,29612759.848532703,2961.2759848532705,5.692978210186689,10961,12903,46.33370506763458,17
30000,500000,29611867.969871115,2961.1867969871114,6.372536807691061,13104,10760,0.0,39
110000,220000,29584779.929637443,2958.4779929637443,5.50091085918067,9952,13912,108.22253246384207,11
50000,500000,29581294.98825113,2958.129498825113,5.970010400435115,11236,12628,0.0,25
50000,300000,29515364.318461593,2951.5364318461593,5.7961140574167285,12205,11659,0.0,24
200000,180000,29499443.908446237,2949.9443908446237,5.563835011749464,8360,15504,0.0,6
40000,500000,29489246.061114684,2948.9246061114686,6.07644995477486,12136,11728,0.0,29
10000,320000,29451817.257556118,2945.1817257556118,6.05192670745311,16838,7026,0.0,104
30000,380000,29429853.356296238,2942.985335629624,5.985811898239366,13699,10165,0.0,39
40000,380000,29420086.749996774,2942.008674999677,5.834672464324387,12626,11238,0.0,30
130000,200000,29319118.79648866,2931.9118796488665,5.545904588433748,9540,14324,0.0,9
20000,320000,29273791.114742503,2927.3791114742503,5.887178785166836,15266,8598,0.0,54
30000,320000,29255366.596400194,2925.5366596400195,6.021388394948299,13894,9970,0.0,37
80000,260000,29196384.365091637,2919.6384365091635,5.64124859228291,10587,13277,0.0,15
60000,360000,29196221.371090084,2919.6221371090082,5.717426334486866,11036,12828,24.753709860844538,21
60000,280000,29184136.10947313,2918.4136109473134,5.726249727466399,11561,12303,0.0,20
40000,320000,29169643.091363452,2916.964309136345,5.812552386089081,12944,10920,0.0,29
60000,320000,29167290.00749823,2916.729000749823,5.713762461935979,11294,12570,0.0,20
20000,380000,29139154.625846002,2913.9154625846004,6.02671161704045,14982,8882,0.0,55
190000,180000,29122227.5910922,2912.2227591092196,5.60949354753166,8410,15454,55.97888832422905,6
60000,340000,29115571.709818713,2911.5571709818714,5.801952656640296,11141,12723,0.0,20
70000,340000,29098104.259244394,2909.810425924439,5.723583494673089,10560,13304,6.034727013437077,18
80000,240000,29036394.619094007,2903.639461909401,5.522346341737091,10818,13046,163.5878720000619,15
50000,320000,28980303.65640846,2898.030365640846,5.7572361657519435,12010,11854,0.0,24
120000,200000,28951771.122632094,2895.177112263209,5.449665695920632,9863,14001,0.0,10
100000,220000,28841849.196436197,2884.1849196436197,5.492865991275782,10209,13655,0.0,12
40000,300000,28812878.462975934,2881.2878462975937,5.732818365635633,12970,10894,0.0,29
160000,180000,28764446.366539307,2876.4446366539305,5.51688925766321,9126,14738,0.0,7
180000,180000,28713472.58122587,2871.347258122587,5.602310218451153,8489,15375,29.61257094598841,7
110000,200000,28706560.53691938,2870.656053691938,5.410457222428255,10204,13660,0.0,11
70000,260000,28687242.173292533,2868.7242173292534,5.569935277011595,11104,12760,5.994317569653504,17
90000,220000,28637617.644582912,2863.7617644582915,5.51827066815402,10621,13243,40.286456261295825,13
10000,380000,28582036.389495768,2858.203638949577,6.172263106057278,16334,7530,0.0,104
30000,300000,28546684.940189335,2854.668494018934,5.724555498192147,14080,9784,3.437217741506174,36
50000,360000,28535493.41003854,2853.549341003854,5.684762200308604,11764,12100,0.0,24
40000,360000,28497320.557028282,2849.7320557028283,5.732879992428335,12734,11130,0.0,29
170000,180000,28462508.6694523,2846.25086694523,5.523363545783831,8664,15200,56.637687332811765,7
30000,360000,28450363.72193295,2845.0363721932954,5.919923549132007,13833,10031,62.53528938611271,39
50000,340000,28372407.912761983,2837.2407912761983,5.646287804438684,11895,11969,0.0,24
20000,300000,28368487.21074074,2836.848721074074,5.763277244688849,15401,8463,0.0,54
70000,240000,28325931.547884468,2832.593154788447,5.434523128007796,11330,12534,0.0,17
10000,300000,28316972.936890233,2831.6972936890234,5.901551947072511,17151,6713,0.0,104
150000,180000,28294101.491025966,2829.4101491025967,5.48846986971978,9203,14661,100.95623140141834,8
100000,200000,28264180.504292313,2826.4180504292312,5.378524253077343,10561,13303,0.0,12
50000,280000,28232648.784365356,2823.2648784365356,5.581228337957939,12303,11561,0.0,24
140000,180000,28200771.417608444,2820.0771417608444,5.398051856484196,9527,14337,0.0,9
80000,220000,28155978.775714315,2815.5978775714316,5.3414165260287785,11070,12794,0.0,15
190000,160000,28078430.84271073,2807.843084271073,5.374655695714304,8765,15099,48.369747984572314,7
200000,160000,28056063.930956535,2805.606393095654,5.318117709313874,8653,15211,0.0,7
90000,200000,27995169.929946117,2799.5169929946114,5.367793423339176,10899,12965,0.0,13
20000,360000,27955124.67625411,2795.512467625411,5.929804668343127,15054,8810,0.0,54
40000,280000,27843709.706774727,2784.370970677473,5.647261600196612,13193,10671,0.0,28
130000,180000,27727470.390111722,2772.747039011172,5.31242325606126,9785,14079,65.8310934738256,9
60000,260000,27719301.13134911,2771.9301131349107,5.483945927474291,11781,12083,0.0,20
180000,160000,27696310.112780504,2769.6310112780507,5.265537670927483,8897,14967,0.0,7
50000,240000,27667304.98671714,2766.7304986717136,5.498609887997783,12680,11184,0.0,24
10000,360000,27633440.22750273,2763.344022750273,6.108068560293429,16478,7386,0.0,104
30000,340000,27555148.64147602,2755.514864147602,5.815482238576975,13819,10045,0.0,38
160000,160000,27534855.72209145,2753.485572209145,5.328701536220725,9405,14459,101.53588776825927,8
120000,180000,27522033.425944496,2752.2033425944496,5.239514241043024,10089,13775,28.38096797664184,10
170000,160000,27494872.288975883,2749.4872288975885,5.233990377970387,9111,14753,0.0,8
40000,340000,27492549.978052903,2749.2549978052903,5.6012519218363925,12783,11081,0.0,30
40000,240000,27445934.29834116,2744.593429834116,5.491712256219109,13569,10295,0.0,29
70000,220000,27445753.582360666,2744.5753582360667,5.292805746232238,11599,12265,0.0,17
60000,240000,27440447.237913523,2744.044723791352,5.425015537721997,11971,11893,216.98558213270735,20
80000,200000,27385174.141672537,2738.5174141672537,5.283194506744243,11341,12523,0.0,15
30000,280000,27291352.713110585,2729.135271311058,5.539859269118368,14221,9643,0.0,38
110000,180000,27267785.25849951,2726.778525849951,5.212270836172144,10475,13389,65.8456649108557,11
60000,220000,27238790.4054092,2723.87904054092,5.286837580495479,12274,11590,0.0,19
20000,280000,27224599.433441646,2722.4599433441645,5.67148471409543,15666,8198,0.0,54
10000,340000,27079667.581160083,2707.9667581160084,6.122612246388528,16612,7252,0.0,104
20000,340000,27022968.418594174,2702.2968418594173,5.829267197864293,15160,8704,0.0,54
150000,160000,26963871.902703322,2696.387190270332,5.283598876522046,9500,14364,83.07803830667399,8
50000,260000,26889343.50144505,2688.934350144505,5.450833803087961,12515,11349,0.0,24
140000,160000,26868301.870625675,2686.8301870625673,5.14435796051729,9927,13937,0.0,9
100000,180000,26858459.578582812,2685.8459578582815,5.203627097427142,10805,13059,0.0,12
40000,260000,26844936.716516208,2684.493671651621,5.501253436900933,13297,10567,0.0,29
10000,280000,26825748.386510905,2682.5748386510904,5.707788638826238,17247,6617,0.0,104
70000,200000,26793299.86976867,2679.329986976867,5.162650349463685,11911,11953,0.0,16
50000,220000,26791865.219305053,2679.186521930505,5.288479094148012,13026,10838,0.0,24
200000,140000,26638138.789764103,2663.8138789764103,5.074832410347388,8997,14867,0.0,9
130000,160000,26600407.738337737,2660.0407738337735,5.200982300019698,10061,13803,0.0,9
90000,180000,26566976.05954283,2656.697605954283,5.0941482889680145,11214,12650,428.6382608485874,13
20000,260000,26519251.068423834,2651.9251068423832,5.615902292934764,15846,8018,0.0,54
30000,260000,26414277.651424885,2641.4277651424886,5.465876362993189,14416,9448,0.0,38
190000,140000,26405679.443218924,2640.5679443218924,5.074606453187221,9112,14752,8.9177231391659,9
30000,240000,26374687.56439194,2637.4687564391943,5.350401876281992,14778,9086,13.846395043772645,38
180000,140000,26315478.220831446,2631.5478220831446,5.0774379612835885,9286,14578,0.0,9
20000,240000,26274383.138465405,2627.4383138465405,5.379939106939661,16122,7742,0.0,54
10000,240000,26262139.97638029,2626.213997638029,5.492824918633307,17705,6159,0.0,104
120000,160000,26171530.174271777,2617.1530174271775,5.045170822238352,10444,13420,0.0,10
60000,200000,26044646.240167886,2604.4646240167885,5.132480682534467,12497,11367,0.0,20
170000,140000,25994658.688507803,2599.46586885078,5.036262858151244,9483,14381,102.50509962718934,9
80000,180000,25906203.760716528,2590.620376071653,5.052361569564327,11645,12219,0.0,14
110000,160000,25841480.208651032,2584.1480208651033,5.032117999606348,10762,13102,12.547759412322193,11
10000,260000,25772465.51944951,2577.246551944951,5.655805158931895,17378,6486,0.0,104
160000,140000,25751532.06998506,2575.1532069985055,5.056310286225818,9720,14144,0.0,9
40000,220000,25689943.162374623,2568.994316237462,5.187381076627607,13838,10026,0.0,28
150000,140000,25669181.763484184,2566.9181763484185,5.0235113005614584,9926,13938,0.0,9
70000,180000,25534668.036914725,2553.4668036914723,4.9503893741489975,12223,11641,0.0,17
140000,140000,25523820.322398234,2552.3820322398233,4.993102610126444,10260,13604,22.673672172939405,9
50000,200000,25496877.945463553,2549.6877945463552,5.01198395791658,13333,10531,0.0,23
100000,160000,25282819.29804857,2528.281929804857,4.955228950911582,11084,12780,0.0,12
30000,220000,25067681.548345033,2506.768154834503,5.154509533013472,15033,8831,0.0,37
60000,180000,24989669.339826524,2498.9669339826523,4.9123152169822095,12826,11038,95.30912060267292,20
200000,120000,24874881.94028789,2487.488194028789,4.822562158444206,9382,14482,0.0,10
130000,140000,24874782.976855088,2487.4782976855086,4.931710958184723,10412,13452,0.6137720576371066,9
90000,160000,24809145.368929453,2480.9145368929453,4.840799581610095,11527,12337,0.0,13
20000,220000,24785210.32170312,2478.521032170312,5.1339293018433105,16340,7524,0.0,54
190000,120000,24711423.266881954,2471.1423266881957,4.77378749127202,9571,14293,0.0,10
120000,140000,24692991.55573236,2469.299155573236,4.853410690957707,10813,13051,0.0,10
10000,220000,24659660.058999144,2465.9660058999143,5.342809255866201,17934,5930,0.0,104
80000,160000,24624370.71835971,2462.437071835971,4.859306435310475,11978,11886,10.275807082070969,14
40000,200000,24512794.520090126,2451.2794520090124,4.995031971819197,14191,9673,0.0,28
30000,200000,24455042.391704723,2445.5042391704724,4.997221086638004,15271,8593,0.0,37
180000,120000,24242245.69442324,2424.224569442324,4.74876022911468,9680,14184,136.7596334211994,10
160000,120000,24172668.108873785,2417.2668108873786,4.8235922300224265,10129,13735,0.0,10
50000,180000,24157649.673240025,2415.764967324002,4.79639405740088,13590,10274,0.0,23
110000,140000,24103763.43612099,2410.376343612099,4.816516647122653,11115,12749,0.0,11
170000,120000,24031925.50813013,2403.192550813013,4.760494679812586,9845,14019,12.652877337881364,10
150000,120000,23913214.00304608,2391.321400304608,4.808221966987034,10327,13537,41.79402654393925,10
20000,200000,23834861.694703434,2383.4861694703436,5.026848770223479,16659,7205,0.0,54
70000,160000,23764598.204627965,2376.4598204627964,4.753907523220587,12487,11377,0.0,16
100000,140000,23707263.74010439,2370.7263740104386,4.710470824356587,11533,12331,0.0,11
140000,120000,23684329.3470764,2368.43293470764,4.761373886267418,10657,13207,0.0,10
40000,180000,23610086.173758846,2361.0086173758846,4.818624439786026,14494,9370,0.0,29
10000,200000,23586008.11671207,2358.6008116712073,5.1389385694305565,18228,5636,0.0,104
90000,140000,23432976.564267866,2343.297656426787,4.676888919929121,11912,11952,0.0,13
60000,160000,23370633.784858633,2337.0633784858633,4.704620828627543,13131,10733,0.0,19
130000,120000,23313843.369397126,2331.3843369397127,4.692125919272405,10907,12957,0.0,10
200000,100000,23074799.750508815,2307.479975050882,4.555897536383665,9909,13955,0.0,12
80000,140000,22969910.80980549,2296.991080980549,4.613240909772962,12354,11510,0.0,14
50000,160000,22942221.44519516,2294.2221445195164,4.704002899886375,13891,9973,0.0,24
120000,120000,22868703.517830312,2286.8703517830313,4.657306542575555,11181,12683,14.210081073688343,10
190000,100000,22792628.540005744,2279.2628540005744,4.585739040202249,10020,13844,0.0,12
30000,180000,22616483.99827829,2261.648399827829,4.744347476277803,15536,8328,19.02392743737437,37
20000,180000,22593982.13714883,2259.3982137148832,4.848358405757048,17016,6848,0.0,54
110000,120000,22591200.059455596,2259.1200059455596,4.600501475164495,11606,12258,0.0,11
70000,140000,22479161.13379974,2247.916113379974,4.546782292166581,12966,10898,105.09295534534613,17
180000,100000,22434856.82066567,2243.485682066567,4.491219784769317,10220,13644,0.0,12
100000,120000,22301169.527930748,2230.1169527930747,4.56890924530252,11978,11886,0.0,11
160000,100000,22283620.969935775,2228.3620969935773,4.546812797282023,10666,13198,0.0,12
40000,160000,22279818.95457654,2227.981895457654,4.6325315578742385,14809,9055,0.0,28
60000,140000,22085993.209040992,2208.5993209040994,4.521416707704893,13615,10249,0.0,20
10000,180000,22049106.40548164,2204.9106405481643,4.898586353555053,18638,5226,0.0,104
170000,100000,22048364.037516925,2204.8364037516926,4.48331505206167,10341,13523,0.0,12
90000,120000,21739501.827054545,2173.9501827054546,4.461121880209016,12394,11470,53.88072567968629,13
150000,100000,21727066.743243027,2172.706674324303,4.432687658202887,10855,13009,0.0,12
30000,160000,21470139.477803458,2147.013947780346,4.56763015059165,15916,7948,0.0,37
140000,100000,21439039.230177566,2143.903923017757,4.376601287841454,11175,12689,0.0,12
50000,140000,21436637.09870204,2143.663709870204,4.458025855485407,14388,9476,0.0,23
130000,100000,21361469.625242535,2136.1469625242535,4.445539590987716,11422,12442,0.0,12
80000,120000,21200507.351461872,2120.0507351461874,4.363512449117337,12826,11038,0.0,14
200000,80000,21160047.319936864,2116.0047319936866,4.37688494632027,10466,13398,0.0,15
120000,100000,21060886.334265266,2106.0886334265265,4.375240103639541,11758,12106,0.0,12
20000,160000,21016995.17746506,2101.699517746506,4.551105798101039,17380,6484,0.0,54
70000,120000,20832869.5391905,2083.28695391905,4.346094568250389,13448,10416,0.0,17
110000,100000,20729973.398265045,2072.9973398265047,4.35322254732087,12133,11731,0.0,12
40000,140000,20717808.237874445,2071.780823787444,4.427648294104843,15266,8598,0.0,29
190000,80000,20600320.23951533,2060.032023951533,4.269810995026399,10587,13277,0.0,15
10000,160000,20509770.614331283,2050.9770614331283,4.6124591790073834,18969,4895,0.0,104
60000,120000,20491898.104215473,2049.1898104215475,4.334371901592299,14137,9727,130.17986434907652,19
100000,100000,20464644.485986322,2046.4644485986323,4.3154807472913825,12546,11318,0.0,12
180000,80000,20420923.849417623,2042.0923849417622,4.2698998360773714,10805,13059,0.0,15
160000,80000,20193614.167844214,2019.3614167844214,4.306785019806733,11207,12657,13.932390242873225,15
170000,80000,20077000.266888525,2007.7000266888526,4.246459044024038,10953,12911,0.0,15
30000,140000,20043288.039523013,2004.3288039523013,4.359434797235187,16368,7496,0.0,37
90000,100000,19858432.752983075,1985.8432752983074,4.2097286694706115,12966,10898,0.0,13
50000,120000,19821421.89581887,1982.142189581887,4.270355980951635,14854,9010,0.0,23
150000,80000,19785724.049437206,1978.5724049437206,4.184675064823603,11487,12377,0.0,15
20000,140000,19649007.38868664,1964.9007388686637,4.381126488204827,17847,6017,0.0,53
140000,80000,19516596.55409338,1951.6596554093378,4.171137440418419,11807,12057,0.0,15
80000,100000,19478468.11352328,1947.8468113523277,4.2000123858337695,13417,10447,0.0,14
40000,120000,19345967.22518912,1934.596722518912,4.256959696174959,15805,8059,0.0,29
130000,80000,19180140.88018025,1918.014088018025,4.143003702475697,12025,11839,0.0,15
70000,100000,18969672.450883597,1896.9672450883597,4.112152425679329,14029,9835,0.0,16
10000,140000,18819102.468283575,1881.9102468283575,4.383269469888819,19467,4397,0.0,104
120000,80000,18756400.34983608,1875.640034983608,4.078401484946947,12341,11523,0.0,15
110000,80000,18527243.201312277,1852.7243201312278,4.0920786994397655,12688,11176,0.0,14
30000,120000,18486242.438243557,1848.6242438243557,4.155693354180124,16930,6934,20.856513333856128,37
60000,100000,18460775.819234904,1846.0775819234905,4.0873907448773705,14705,9159,0.0,19
100000,80000,18224938.28930585,1822.493828930585,4.0447722646224396,13164,10700,0.0,15
190000,60000,18185836.823548775,1818.5836823548775,3.934014505294292,11347,12517,0.0,21
200000,60000,18183683.14576676,1818.368314576676,3.910397621226896,11191,12673,0.0,21
50000,100000,17947107.022448003,1794.7107022448001,4.0383030038818974,15485,8379,0.0,23
180000,60000,17874109.030697193,1787.410903069719,3.9225542494811356,11515,12349,33.809847229218576,21
90000,80000,17808702.30810983,1780.870230810983,3.999410426542555,13606,10258,0.0,15
20000,120000,17777026.065995716,1777.7026065995717,4.135758893524401,18412,5452,0.0,53
170000,60000,17533033.580923237,1753.3033580923238,3.8828669022958127,11712,12152,7.160574608948082,21
160000,60000,17428283.62749324,1742.828362749324,3.8819449634814345,11980,11884,0.0,20
80000,80000,17312034.61217411,1731.203461217411,3.9512517360648496,14069,9795,22.500984686543234,15
150000,60000,17255705.897231106,1725.5705897231105,3.8904988729619583,12203,11661,107.67514636425767,20
140000,60000,17154309.828022383,1715.4309828022385,3.8823863654487005,12500,11364,0.0,20
10000,120000,17105933.689736385,1710.5933689736385,4.181460609097158,20016,3848,0.0,104
40000,100000,17089062.775624387,1708.9062775624388,3.958773051649556,16369,7495,0.0,29
70000,80000,16748707.887248274,1674.8707887248272,3.8674483995435986,14658,9206,0.0,16
30000,100000,16641815.491798306,1664.1815491798304,3.984780078545135,17542,6322,0.0,37
130000,60000,16629713.209205983,1662.9713209205984,3.7954281623267696,12753,11111,0.0,20
60000,80000,16315731.417238712,1631.5731417238712,3.844440574738024,15375,8489,0.0,19
120000,60000,16256607.470959272,1625.660747095927,3.753228663277944,13076,10788,14.454298784083221,20
110000,60000,16010847.424703673,1601.0847424703672,3.7324930888246435,13510,10354,0.0,20
20000,100000,15740808.254561106,1574.0808254561107,3.89284992433596,19033,4831,0.0,54
50000,80000,15671177.596300466,1567.1177596300465,3.7663071085933146,16178,7686,0.0,23
200000,40000,15633180.172044218,1563.3180172044217,3.6324306449939554,12130,11734,0.0,29
100000,60000,15619309.418483352,1561.9309418483351,3.670319162299283,13949,9915,0.0,20
190000,40000,15481281.752028098,1548.1281752028099,3.616689682198116,12330,11534,0.0,29
180000,40000,15127061.692067046,1512.7061692067045,3.5734807806109914,12484,11380,0.0,29
90000,60000,15102018.291414151,1510.2018291414151,3.584144336462162,14397,9467,35.25683638436021,21
40000,80000,15082039.861388838,1508.2039861388837,3.754457831193259,17151,6713,0.0,28
10000,100000,15016858.679940468,1501.6858679940467,3.9458885526264607,20626,3238,0.0,104
160000,40000,14748152.45336713,1474.8152453367131,3.5384485919893054,12938,10926,0.0,29
80000,60000,14652385.32218851,1465.2385322188509,3.5696428052827303,14837,9027,0.0,21
170000,40000,14594257.499326557,1459.4257499326557,3.4846999246356436,12686,11178,0.0,29
150000,40000,14465360.098446839,1446.5360098446838,3.5281612216155396,13143,10721,82.41430279088672,29
30000,80000,14340589.980212828,1434.0589980212828,3.6847679556658335,18328,5536,18.705413249728736,37
70000,60000,14286062.702462457,1428.6062702462457,3.56098602299813,15500,8364,0.0,21
140000,40000,14183102.366689885,1418.3102366689886,3.5077529823764304,13437,10427,0.0,29
60000,60000,13748201.61933539,1374.820161933539,3.5144352239026975,16232,7632,32.6345626374241,21
130000,40000,13711814.176395977,1371.1814176395978,3.4213841801363034,13706,10158,61.79081456741551,29
20000,80000,13547302.651385657,1354.7302651385658,3.6394595854424847,19830,4034,0.0,54
120000,40000,13380364.537619801,1338.03645376198,3.3709297331844117,14065,9799,0.0,29
50000,60000,13125954.466756776,1312.5954466756775,3.4488743908899373,17091,6773,0.0,22
110000,40000,13094930.01645641,1309.493001645641,3.347450931871668,14478,9386,0.0,29
100000,40000,12791906.518226761,1279.1906518226763,3.3137905946845487,14912,8952,0.0,29
200000,20000,12731673.063345069,1273.1673063345067,3.3053086108020002,13331,10533,0.0,52
10000,80000,12647473.743109366,1264.7473743109365,3.674373158760063,21311,2553,0.0,104
190000,20000,12529453.204699945,1252.9453204699944,3.260907227880832,13568,10296,28.062021405552514,52
40000,60000,12407742.908312954,1240.7742908312955,3.3675654635838583,18090,5774,0.0,27
90000,40000,12275068.755173726,1227.5068755173725,3.259125576792715,15366,8498,22.695927886263235,29
180000,20000,12263469.05155548,1226.346905155548,3.2507604485999875,13712,10152,0.0,52
160000,20000,11877744.151750017,1187.7744151750016,3.2161288446973697,14211,9653,0.0,51
170000,20000,11839085.868401866,1183.9085868401867,3.2188998478913744,13908,9956,1.0762378985236865,52
80000,40000,11779648.452685738,1177.9648452685738,3.193266613159684,15924,7940,0.0,29
30000,60000,11698506.62193989,1169.850662193989,3.345687279923674,19280,4584,42.52371844474692,37
150000,20000,11381984.136564683,1138.1984136564683,3.139448500703724,14434,9430,0.0,51
70000,40000,11283779.578268252,1128.3779578268252,3.1565742738712674,16564,7300,0.0,29
140000,20000,11170405.496830953,1117.0405496830954,3.1015160025005963,14706,9158,0.0,52
20000,60000,10885701.205335757,1088.5701205335756,3.30188149258173,20822,3042,0.0,53
60000,40000,10737113.407153407,1073.7113407153406,3.09679859546158,17308,6556,0.0,29
130000,20000,10723514.683026176,1072.3514683026176,3.0281326931340184,15048,8816,23.207009606878273,52
120000,20000,10418756.269496363,1041.8756269496364,2.998046525483341,15392,8472,0.0,52
50000,40000,10138675.016035846,1013.8675016035845,3.0433202714807015,18193,5671,0.0,29
110000,20000,10027738.319080563,1002.7738319080564,2.944605588089202,15786,8078,14.48466779163573,52
10000,60000,10005380.106258824,1000.5380106258824,3.3573889190693147,22166,1698,0.0,104
100000,20000,9617716.22215622,961.7716222156218,2.8910965294987263,16245,7619,0.0,52
40000,40000,9505500.06959423,950.5500069594231,2.9943689478921227,19276,4588,0.0,30
90000,20000,9150064.742001707,915.0064742001707,2.8411792656165873,16747,7117,0.0,52
30000,40000,8788129.15279329,878.8129152793291,2.9616290793395392,20493,3371,0.0,38
80000,20000,8653791.877856277,865.3791877856277,2.7897112220135973,17265,6599,0.0,52
70000,20000,8151101.7920953855,815.1101792095385,2.7295351670948698,17962,5902,0.0,52
20000,40000,7950021.289310192,795.0021289310191,2.9304471869934385,21976,1888,0.0,54
60000,20000,7589858.337801175,758.9858337801174,2.6815652233370653,18653,5211,0.0,52
10000,40000,7047974.279257725,704.7974279257726,3.018434778214561,23107,757,0.0,104
50000,20000,7024903.5536689805,702.490355366898,2.6495375348444163,19562,4302,0.0,52
40000,20000,6397847.11896742,639.784711896742,2.6165388174622817,20556,3308,0.0,52
30000,20000,5652598.9489276735,565.2598948927673,2.5796926423239372,21721,2143,51.2474609016208,52
20000,20000,4817822.237479049,481.7822237479048,2.5735494812567703,22898,966,0.0,55
10000,20000,3968833.0192480483,396.8833019248048,2.7128584318446984,23697,167,0.0,104
