"signal_id","signal_datetime","received_time","detected_time_ist","logtime_ist","ticker","side","setup","impulse_type","entry_price","stop_price","target_price","quality_score","atr_pct","rsi","adx","quantity","signal_entry_datetime_ist","signal_bar_time_ist"
"e9b3b5d2652677b6","2026-03-02 10:30:00+05:30","2026-03-02 10:31:18+0530","2026-03-02 10:31:18+0530","2026-03-02 10:31:18+0530","ROHLTD","SHORT","A_MOD_BREAK_C1_LOW","MODERATE","349.5","352.12","345.31","0.3949","0.007647","23.53","28.06","715","2026-03-02 10:30:00+05:30","2026-03-02 10:30:00+05:30"
"1704dabb16acb40b","2026-03-02 10:45:00+05:30","2026-03-02 10:45:50+0530","2026-03-02 10:45:50+0530","2026-03-02 10:45:50+0530","JTLIND","SHORT","A_MOD_BREAK_C1_LOW","MODERATE","59.79","60.24","59.07","0.449","0.009999","14.61","34.14","4181","2026-03-02 10:45:00+05:30","2026-03-02 10:45:00+05:30"
"62d78161ce184964","2026-03-02 11:00:00+05:30","2026-03-02 11:00:30+0530","2026-03-02 11:00:30+0530","2026-03-02 11:00:30+0530","GHCL","SHORT","A_MOD_BREAK_C1_LOW","MODERATE","468.15","471.66","462.53","0.8824","0.005489","17.43","46.94","534","2026-03-02 11:00:00+05:30","2026-03-02 11:00:00+05:30"
"26e28f6d79de9ec8","2026-03-02 11:00:00+05:30","2026-03-02 11:00:32+0530","2026-03-02 11:00:32+0530","2026-03-02 11:00:32+0530","GMRAIRPORT","SHORT","A_MOD_BREAK_C1_LOW","MODERATE","96.93","97.66","95.77","0.5825","0.008413","19.83","37.16","2579","2026-03-02 11:00:00+05:30","2026-03-02 11:00:00+05:30"
"d62938b7ce40410a","2026-03-02 11:00:00+05:30","2026-03-02 11:01:04+0530","2026-03-02 11:01:04+0530","2026-03-02 11:01:04+0530","MOTHERSON","SHORT","A_MOD_BREAK_C1_LOW","MODERATE","128.75","129.72","127.2","0.7656","0.008785","23.11","49.38","1941","2026-03-02 11:00:00+05:30","2026-03-02 11:00:00+05:30"
"76fcb622c40ccbc6","2026-03-02 11:15:00+05:30","2026-03-02 11:16:38+0530","2026-03-02 11:16:38+0530","2026-03-02 11:16:38+0530","VPRPL","SHORT","A_MOD_BREAK_C1_LOW","MODERATE","41.98","42.29","41.48","0.7276","0.008472","16.8","52.07","5955","2026-03-02 11:15:00+05:30","2026-03-02 11:15:00+05:30"
"6ea0d0d5874ef988","2026-03-02 11:15:00+05:30","2026-03-02 11:17:08+0530","2026-03-02 11:17:08+0530","2026-03-02 11:17:08+0530","BHARATRAS","SHORT","A_MOD_BREAK_C1_LOW","MODERATE","1453.6","1464.5","1436.16","0.4318","0.010729","29.68","34.72","171","2026-03-02 11:15:00+05:30","2026-03-02 11:15:00+05:30"
"9960d4c6dcc4e9f6","2026-03-02 11:30:00+05:30","2026-03-02 11:30:33+0530","2026-03-02 11:30:33+0530","2026-03-02 11:30:33+0530","GRAPHITE","SHORT","A_MOD_BREAK_C1_LOW","MODERATE","698.3","703.54","689.92","0.5895","0.013469","29.48","41.51","358","2026-03-02 11:30:00+05:30","2026-03-02 11:30:00+05:30"
"7f26aa0092764a79","2026-03-02 11:30:00+05:30","2026-03-02 11:30:46+0530","2026-03-02 11:30:46+0530","2026-03-02 11:30:46+0530","IRMENERGY","SHORT","A_MOD_BREAK_C1_LOW","MODERATE","227.94","229.65","225.2","0.3791","0.013958","38.9","30.38","1096","2026-03-02 11:30:00+05:30","2026-03-02 11:30:00+05:30"
"f3386e73cdcdaf52","2026-03-02 11:30:00+05:30","2026-03-02 11:30:47+0530","2026-03-02 11:30:47+0530","2026-03-02 11:30:47+0530","JAGRAN","SHORT","A_MOD_BREAK_C1_LOW","MODERATE","62.41","62.88","61.66","0.3979","0.005193","33.83","30.48","4005","2026-03-02 11:30:00+05:30","2026-03-02 11:30:00+05:30"
"389f8b073d3d94ee","2026-03-02 11:30:00+05:30","2026-03-02 11:32:03+0530","2026-03-02 11:32:03+0530","2026-03-02 11:32:03+0530","CONCOR","SHORT","A_MOD_BREAK_C1_LOW","MODERATE","478.65","482.24","472.91","0.6675","0.006918","24.75","36.63","522","2026-03-02 11:30:00+05:30","2026-03-02 11:30:00+05:30"
"6b5c949b61de7915","2026-03-02 11:45:00+05:30","2026-03-02 11:45:48+0530","2026-03-02 11:45:48+0530","2026-03-02 11:45:48+0530","JBMA","SHORT","A_MOD_BREAK_C1_LOW","MODERATE","528.2","532.16","521.86","0.6041","0.009346","20.98","41.22","473","2026-03-02 11:45:00+05:30","2026-03-02 11:45:00+05:30"
"0b1776136592bd8b","2026-03-02 11:45:00+05:30","2026-03-02 11:45:49+0530","2026-03-02 11:45:49+0530","2026-03-02 11:45:49+0530","JIOFIN","SHORT","A_MOD_BREAK_C1_LOW","MODERATE","247.25","249.1","244.28","0.8135","0.007101","22.97","47.0","1011","2026-03-02 11:45:00+05:30","2026-03-02 11:45:00+05:30"
"9a26af3385a65860","2026-03-02 11:45:00+05:30","2026-03-02 11:45:53+0530","2026-03-02 11:45:53+0530","2026-03-02 11:45:53+0530","KECL","SHORT","A_MOD_BREAK_C1_LOW","MODERATE","85.34","85.98","84.32","0.5787","0.010196","25.37","36.91","2929","2026-03-02 11:45:00+05:30","2026-03-02 11:45:00+05:30"
"13094caeff85259b","2026-03-02 11:45:00+05:30","2026-03-02 11:45:58+0530","2026-03-02 11:45:58+0530","2026-03-02 11:45:58+0530","M&M","SHORT","A_MOD_BREAK_C1_LOW","MODERATE","3299.7","3324.45","3260.1","0.7669","0.007732","24.22","60.45","75","2026-03-02 11:45:00+05:30","2026-03-02 11:45:00+05:30"
"cf1031c7bb413c5a","2026-03-02 11:45:00+05:30","2026-03-02 11:46:08+0530","2026-03-02 11:46:08+0530","2026-03-02 11:46:08+0530","PAYTM","SHORT","A_MOD_BREAK_C1_LOW","MODERATE","1062.2","1070.17","1049.45","0.7399","0.009855","25.92","40.7","235","2026-03-02 11:45:00+05:30","2026-03-02 11:45:00+05:30"
"403461a4d3f5a170","2026-03-02 11:45:00+05:30","2026-03-02 11:46:24+0530","2026-03-02 11:46:24+0530","2026-03-02 11:46:24+0530","SUNTECK","SHORT","A_MOD_BREAK_C1_LOW","MODERATE","392.25","395.19","387.54","0.5862","0.010686","27.22","36.52","637","2026-03-02 11:45:00+05:30","2026-03-02 11:45:00+05:30"
"b43ac7f0db06f575","2026-03-02 11:45:00+05:30","2026-03-02 11:46:55+0530","2026-03-02 11:46:55+0530","2026-03-02 11:46:55+0530","APOLLO","SHORT","A_MOD_BREAK_C1_LOW","MODERATE","214.02","215.63","211.45","0.96","0.013633","18.04","59.34","1168","2026-03-02 11:45:00+05:30","2026-03-02 11:45:00+05:30"
"d145318fa721536c","2026-03-02 11:45:00+05:30","2026-03-02 11:46:59+0530","2026-03-02 11:46:59+0530","2026-03-02 11:46:59+0530","AWL","SHORT","A_MOD_BREAK_C1_LOW","MODERATE","180.31","181.66","178.15","0.7465","0.007217","17.49","42.2","1386","2026-03-02 11:45:00+05:30","2026-03-02 11:45:00+05:30"
"fc6d2474d99ecf43","2026-03-02 12:00:00+05:30","2026-03-02 12:00:31+0530","2026-03-02 12:00:31+0530","2026-03-02 12:00:31+0530","GNFC","SHORT","A_MOD_BREAK_C1_LOW","MODERATE","442.55","445.87","437.24","0.56","0.007265","24.64","37.69","564","2026-03-02 12:00:00+05:30","2026-03-02 12:00:00+05:30"
"51a9e8fce69992c6","2026-03-02 12:00:00+05:30","2026-03-02 12:00:47+0530","2026-03-02 12:00:47+0530","2026-03-02 12:00:47+0530","IRCON","SHORT","A_PULLBACK_C2_THEN_BREAK_C2_LOW","MODERATE","136.74","137.77","135.1","0.8159","0.009288","20.25","51.71","1828","2026-03-02 12:00:00+05:30","2026-03-02 12:00:00+05:30"
"51ae09e767123137","2026-03-02 12:00:00+05:30","2026-03-02 12:00:47+0530","2026-03-02 12:00:47+0530","2026-03-02 12:00:47+0530","IREDA","SHORT","A_PULLBACK_C2_THEN_BREAK_C2_LOW","MODERATE","116.01","116.88","114.62","0.7436","0.00958","19.78","43.94","2154","2026-03-02 12:00:00+05:30","2026-03-02 12:00:00+05:30"
"f3901d38f478727d","2026-03-02 12:00:00+05:30","2026-03-02 12:00:48+0530","2026-03-02 12:00:48+0530","2026-03-02 12:00:48+0530","IXIGO","SHORT","A_PULLBACK_C2_THEN_BREAK_C2_LOW","MODERATE","163.32","164.54","161.36","0.693","0.009063","23.07","44.3","1530","2026-03-02 12:00:00+05:30","2026-03-02 12:00:00+05:30"
"6025707ef61709bd","2026-03-02 12:00:00+05:30","2026-03-02 12:00:55+0530","2026-03-02 12:00:55+0530","2026-03-02 12:00:55+0530","KPITTECH","SHORT","A_PULLBACK_C2_THEN_BREAK_C2_LOW","MODERATE","750.1","755.73","741.1","0.4174","0.011315","35.13","32.25","333","2026-03-02 12:00:00+05:30","2026-03-02 12:00:00+05:30"
"3d3967e5e226bccc","2026-03-02 12:00:00+05:30","2026-03-02 12:01:06+0530","2026-03-02 12:01:06+0530","2026-03-02 12:01:06+0530","NUVAMA","SHORT","A_MOD_BREAK_C1_LOW","MODERATE","1201.7","1210.71","1187.28","0.7949","0.008937","19.88","56.44","208","2026-03-02 12:00:00+05:30","2026-03-02 12:00:00+05:30"
"92642147e1442ca5","2026-03-02 12:00:00+05:30","2026-03-02 12:01:10+0530","2026-03-02 12:01:10+0530","2026-03-02 12:01:10+0530","PFS","SHORT","A_PULLBACK_C2_THEN_BREAK_C2_LOW","MODERATE","29.59","29.81","29.23","0.4216","0.009305","28.86","27.58","8448","2026-03-02 12:00:00+05:30","2026-03-02 12:00:00+05:30"
"cabde9252acd50a9","2026-03-02 12:00:00+05:30","2026-03-02 12:01:26+0530","2026-03-02 12:01:26+0530","2026-03-02 12:01:26+0530","SWSOLAR","SHORT","A_PULLBACK_C2_THEN_BREAK_C2_LOW","MODERATE","188.68","190.1","186.42","0.5704","0.012658","26.38","38.65","1324","2026-03-02 12:00:00+05:30","2026-03-02 12:00:00+05:30"
"8c548a2e23578d40","2026-03-02 12:00:00+05:30","2026-03-02 12:02:09+0530","2026-03-02 12:02:09+0530","2026-03-02 12:02:09+0530","CONFIPET","SHORT","A_MOD_BREAK_C1_LOW","MODERATE","29.95","30.17","29.59","0.5984","0.010962","22.88","40.5","8347","2026-03-02 12:00:00+05:30","2026-03-02 12:00:00+05:30"
"788f010cedfc8719","2026-03-02 12:00:00+05:30","2026-03-02 12:02:14+0530","2026-03-02 12:02:14+0530","2026-03-02 12:02:14+0530","DPABHUSHAN","SHORT","A_MOD_BREAK_C1_LOW","MODERATE","1153.0","1161.65","1139.16","0.559","0.009385","26.05","35.44","216","2026-03-02 12:00:00+05:30","2026-03-02 12:00:00+05:30"
"cf00d9aaf30d1c72","2026-03-02 12:15:00+05:30","2026-03-02 12:15:29+0530","2026-03-02 12:15:29+0530","2026-03-02 12:15:29+0530","FORTIS","SHORT","A_MOD_BREAK_C1_LOW","MODERATE","927.45","934.41","916.32","0.511","0.007674","31.4","41.58","269","2026-03-02 12:15:00+05:30","2026-03-02 12:15:00+05:30"
"ebeea82a11a00de1","2026-03-02 12:15:00+05:30","2026-03-02 12:15:38+0530","2026-03-02 12:15:38+0530","2026-03-02 12:15:38+0530","HAPPYFORGE","SHORT","A_MOD_BREAK_C1_LOW","MODERATE","1282.8","1292.42","1267.41","0.6632","0.010686","28.82","32.21","194","2026-03-02 12:15:00+05:30","2026-03-02 12:15:00+05:30"
"319712d620094226","2026-03-02 12:15:00+05:30","2026-03-02 12:15:40+0530","2026-03-02 12:15:40+0530","2026-03-02 12:15:40+0530","HFCL","SHORT","A_MOD_BREAK_C1_LOW","MODERATE","65.78","66.27","64.99","0.5492","0.01034","25.07","27.57","3800","2026-03-02 12:15:00+05:30","2026-03-02 12:15:00+05:30"
"4e62d7899596c4df","2026-03-02 12:15:00+05:30","2026-03-02 12:15:44+0530","2026-03-02 12:15:44+0530","2026-03-02 12:15:44+0530","IEX","SHORT","A_MOD_BREAK_C1_LOW","MODERATE","121.28","122.19","119.82","0.9317","0.00696","20.72","50.67","2061","2026-03-02 12:15:00+05:30","2026-03-02 12:15:00+05:30"
"2e9a6ff44e419221","2026-03-02 12:15:00+05:30","2026-03-02 12:15:54+0530","2026-03-02 12:15:54+0530","2026-03-02 12:15:54+0530","KHAICHEM","SHORT","A_PULLBACK_C2_THEN_BREAK_C2_LOW","MODERATE","54.95","55.36","54.29","0.3259","0.011202","28.0","28.61","4549","2026-03-02 12:15:00+05:30","2026-03-02 12:15:00+05:30"
"1d1b5e922c970c50","2026-03-02 12:15:00+05:30","2026-03-02 12:17:11+0530","2026-03-02 12:17:11+0530","2026-03-02 12:17:11+0530","AZAD","SHORT","A_MOD_BREAK_C1_LOW","MODERATE","1645.0","1657.34","1625.26","0.7959","0.009774","18.73","47.47","151","2026-03-02 12:15:00+05:30","2026-03-02 12:15:00+05:30"
"627a47dd5a90d185","2026-03-02 12:15:00+05:30","2026-03-02 12:17:13+0530","2026-03-02 12:17:13+0530","2026-03-02 12:17:13+0530","BAYERCROP","SHORT","A_PULLBACK_C2_THEN_BREAK_C2_LOW","MODERATE","4555.0","4589.16","4500.34","0.6912","0.006447","20.99","41.39","54","2026-03-02 12:15:00+05:30","2026-03-02 12:15:00+05:30"
"cc40955916adb431","2026-03-02 12:30:00+05:30","2026-03-02 12:30:25+0530","2026-03-02 12:30:25+0530","2026-03-02 12:30:25+0530","ETERNAL","SHORT","A_MOD_BREAK_C1_LOW","MODERATE","239.28","241.07","236.41","0.5555","0.010745","29.89","39.82","1044","2026-03-02 12:30:00+05:30","2026-03-02 12:30:00+05:30"
"e7fedc5773226e45","2026-03-02 12:30:00+05:30","2026-03-02 12:30:28+0530","2026-03-02 12:30:28+0530","2026-03-02 12:30:28+0530","GAIL","SHORT","A_MOD_BREAK_C1_LOW","MODERATE","164.94","166.18","162.96","0.6338","0.006643","30.39","40.17","1515","2026-03-02 12:30:00+05:30","2026-03-02 12:30:00+05:30"
"84da0a7855b75c09","2026-03-02 12:30:00+05:30","2026-03-02 12:30:37+0530","2026-03-02 12:30:37+0530","2026-03-02 12:30:37+0530","HARSHA","SHORT","A_MOD_BREAK_C1_LOW","MODERATE","359.75","362.45","355.43","0.6895","0.006994","28.74","53.04","694","2026-03-02 12:30:00+05:30","2026-03-02 12:30:00+05:30"
"621ee206e8a6b94a","2026-03-02 12:30:00+05:30","2026-03-02 12:30:52+0530","2026-03-02 12:30:52+0530","2026-03-02 12:30:52+0530","KAMATHOTEL","SHORT","A_MOD_BREAK_C1_LOW","MODERATE","181.24","182.6","179.07","0.4905","0.010127","34.94","28.39","1379","2026-03-02 12:30:00+05:30","2026-03-02 12:30:00+05:30"
"d547c7a4c55730e1","2026-03-02 12:30:00+05:30","2026-03-02 12:31:20+0530","2026-03-02 12:31:20+0530","2026-03-02 12:31:20+0530","REDTAPE","SHORT","A_MOD_BREAK_C1_LOW","MODERATE","112.55","113.39","111.2","0.7903","0.011228","11.33","70.58","2221","2026-03-02 12:30:00+05:30","2026-03-02 12:30:00+05:30"
"ccf5d67196368485","2026-03-02 12:30:00+05:30","2026-03-02 12:31:42+0530","2026-03-02 12:31:42+0530","2026-03-02 12:31:42+0530","VRLLOG","SHORT","A_MOD_BREAK_C1_LOW","MODERATE","267.75","269.76","264.54","0.8038","0.014233","25.16","49.32","933","2026-03-02 12:30:00+05:30","2026-03-02 12:30:00+05:30"
"d76caef49e9da551","2026-03-02 12:30:00+05:30","2026-03-02 12:32:02+0530","2026-03-02 12:32:02+0530","2026-03-02 12:32:02+0530","ADANIENT","SHORT","A_MOD_BREAK_C1_LOW","MODERATE","2089.6","2105.27","2064.52","0.7288","0.009205","25.56","51.75","119","2026-03-02 12:30:00+05:30","2026-03-02 12:30:00+05:30"
"ed58168ffb8fd185","2026-03-02 12:30:00+05:30","2026-03-02 12:32:03+0530","2026-03-02 12:32:03+0530","2026-03-02 12:32:03+0530","ADANIGREEN","SHORT","A_MOD_BREAK_C1_LOW","MODERATE","892.05","898.74","881.35","0.903","0.009286","16.65","55.0","280","2026-03-02 12:30:00+05:30","2026-03-02 12:30:00+05:30"
"78bd09a7a535a954","2026-03-02 12:30:00+05:30","2026-03-02 12:32:16+0530","2026-03-02 12:32:16+0530","2026-03-02 12:32:16+0530","CEMPRO","SHORT","A_MOD_BREAK_C1_LOW","MODERATE","560.79","564.99","554.06","0.666","0.012645","27.42","47.74","445","2026-03-02 12:30:00+05:30","2026-03-02 12:30:00+05:30"
"cbf7eccba0a80dc3","2026-03-02 12:45:00+05:30","2026-03-02 12:45:59+0530","2026-03-02 12:45:59+0530","2026-03-02 12:45:59+0530","LT","SHORT","A_MOD_BREAK_C1_LOW","MODERATE","3978.2","4008.04","3930.46","0.9372","0.009181","8.94","55.92","62","2026-03-02 12:45:00+05:30","2026-03-02 12:45:00+05:30"
"11059266bff5be87","2026-03-02 12:45:00+05:30","2026-03-02 12:46:11+0530","2026-03-02 12:46:11+0530","2026-03-02 12:46:11+0530","ORIENTCEM","SHORT","A_PULLBACK_C2_THEN_BREAK_C2_LOW","MODERATE","149.15","150.27","147.36","0.7979","0.007112","19.94","57.55","1676","2026-03-02 12:45:00+05:30","2026-03-02 12:45:00+05:30"
"2223f9a3a2ebf6dc","2026-03-02 12:45:00+05:30","2026-03-02 12:46:16+0530","2026-03-02 12:46:16+0530","2026-03-02 12:46:16+0530","POONAWALLA","SHORT","A_MOD_BREAK_C1_LOW","MODERATE","437.6","440.88","432.35","0.6244","0.008602","28.9","27.62","571","2026-03-02 12:45:00+05:30","2026-03-02 12:45:00+05:30"
"4c1a1295287b9893","2026-03-02 13:00:00+05:30","2026-03-02 13:00:57+0530","2026-03-02 13:00:57+0530","2026-03-02 13:00:57+0530","LINDEINDIA","SHORT","A_MOD_BREAK_C1_LOW","MODERATE","6617.0","6666.63","6537.6","0.5106","0.008538","31.66","29.55","37","2026-03-02 13:00:00+05:30","2026-03-02 13:00:00+05:30"
"f231ef06e9b4cc4d","2026-03-02 13:00:00+05:30","2026-03-02 13:02:00+0530","2026-03-02 13:02:00+0530","2026-03-02 13:02:00+0530","ABREL","SHORT","A_MOD_BREAK_C1_LOW","MODERATE","1246.9","1256.25","1231.94","0.6033","0.011045","34.67","37.34","200","2026-03-02 13:00:00+05:30","2026-03-02 13:00:00+05:30"
"58d9b2bbb5c420c1","2026-03-02 13:00:00+05:30","2026-03-02 13:02:01+0530","2026-03-02 13:02:01+0530","2026-03-02 13:02:01+0530","ADANIPORTS","SHORT","A_MOD_BREAK_C1_LOW","MODERATE","1437.8","1448.58","1420.55","0.9533","0.009084","17.19","49.56","173","2026-03-02 13:00:00+05:30","2026-03-02 13:00:00+05:30"
"3c79986c39230b77","2026-03-02 13:00:00+05:30","2026-03-02 13:02:01+0530","2026-03-02 13:02:01+0530","2026-03-02 13:02:01+0530","ADOR","SHORT","A_MOD_BREAK_C1_LOW","MODERATE","1020.0","1027.65","1007.76","0.7216","0.009105","29.15","37.42","245","2026-03-02 13:00:00+05:30","2026-03-02 13:00:00+05:30"
"6510d1d267b2bda7","2026-03-02 13:00:00+05:30","2026-03-02 13:02:17+0530","2026-03-02 13:02:17+0530","2026-03-02 13:02:17+0530","CHOLAFIN","SHORT","A_MOD_BREAK_C1_LOW","MODERATE","1692.0","1704.69","1671.7","0.7327","0.007159","30.46","47.81","147","2026-03-02 13:00:00+05:30","2026-03-02 13:00:00+05:30"
"e11b60ff26f0b06d","2026-03-02 13:00:00+05:30","2026-03-02 13:02:21+0530","2026-03-02 13:02:21+0530","2026-03-02 13:02:21+0530","DMART","SHORT","A_MOD_BREAK_C1_LOW","MODERATE","3749.4","3777.52","3704.41","0.7224","0.007359","28.9","40.98","66","2026-03-02 13:00:00+05:30","2026-03-02 13:00:00+05:30"
